Athlete_ID,Slab_Affinity_Shrunk,Coordination_Affinity_Shrunk,Power_Affinity_Shrunk,Compression_Affinity_Shrunk,Dynamic_Affinity_Shrunk,Press_Affinity_Shrunk
ABARK,0.33792106695572105,0.48028188343900485,0.44228097141397077,0.36832898804836334,0.44829902132536037,0.3080036769216231
ACHI,0.3129957014015038,0.3917642127546035,0.40956823063915265,0.3533873862209738,0.40773583626843096,0.40378201859847607
AGINESLOPEZ,0.4605790531685037,0.5227403566661639,0.5249539949388315,0.4620683858456308,0.5251048610183261,0.5047102507883241
AGIRARD,0.6400983061246185,0.47028618404063516,0.3848537877437746,0.486677431558919,0.4195916241554803,0.643370187612955
AINTRACHUPONGSE,0.42465780697552336,0.4552214128097057,0.3971823865595082,0.36510921785950357,0.4149196825002127,0.4166812581980247
AKHAZANOV,0.4351348364155972,0.45154565662935864,0.4584901016940562,0.43812997958056027,0.4563983474567897,0.45511510908791925
ALEMAIRE,0.47413105824992735,0.5090728485230698,0.41140794816888254,0.3199002426832404,0.49139439675411195,0.34169784242247064
AMEGOS,0.4622395959513088,0.6291862295097607,0.5293487276321523,0.41948143678710376,0.5814236475732324,0.6897117922448821
AONDRA,0.5270130475756735,0.5842408071682489,0.5667049371400369,0.6415323867075295,0.5998681439018773,0.7299179333579003
APEHARC,0.3527648818944806,0.39043846537584626,0.40517965441804676,0.4080075840965484,0.38353627056230105,0.406097874376361
ASHAHAR,0.3330275938444221,0.5974020798721115,0.4899416062318261,0.5103904863466209,0.5017877390842963,0.5079890988158334
BHANNA,0.333519930040257,0.49075522543817035,0.40586969103116866,0.43647483815361365,0.4271527168735387,0.3194678327219612
BVARGAS,0.3727906680448696,0.3942056474013616,0.35172845102380207,0.3698203289706147,0.3738303174860717,0.342980002022749
CBARRON,0.615769949146767,0.5656335556256278,0.5208910925536174,0.45111514128463714,0.5234597970593223,0.648922919478811
CCHAN,0.46581533245822254,0.5068859636111758,0.4650738143674768,0.4377881799689939,0.4937100423251384,0.5201315532433363
CDUFFY,0.24418952322245732,0.5460091228128238,0.5085269869649386,0.4069240889229596,0.5506690454341797,0.31278086400278854
DAKHTAR,0.2796394788438327,0.44662473143076115,0.45034032843373334,0.4092477504063479,0.43165626609289726,0.3570681917356515
DCOUNTRYMAN,0.4656079850434177,0.4679436600772565,0.4019827946762015,0.43035937452029915,0.4302155691320173,0.4738957875417202
DLEE,0.676145626657284,0.6976718565578048,0.7176082107643488,0.7254419174958581,0.7130114348766285,0.6686856586475598
DSANO,0.7126111597659257,0.5954169205239711,0.48533885879684757,0.4357045503778228,0.5506844089656873,0.7650212705451144
EARRIAGADAKRUGER,0.35745545762413783,0.41357369364819846,0.31401608783840984,0.3418340169333331,0.3711489140285877,0.3589600601864382
EERNSBERGER,0.36837932307403676,0.46695628109261467,0.41558533804641373,0.4620683858456308,0.44126716825573686,0.5026859592903484
EGRUZITIS,0.4837590160801143,0.5524064757474592,0.4762577532805557,0.43040533565555356,0.5372278916705162,0.5108285077359552
EKRUGER,0.44842886254321995,0.5351894028044348,0.5508158639579702,0.5202253364472196,0.5259246294121459,0.4614990868020241
GFRANGANILLO,0.367769949146767,0.445190608169047,0.4272886286963105,0.4132409406399368,0.4409053479740632,0.4424920872703354
GLEVIN,0.5046232085086204,0.5871214142051162,0.447297533441247,0.3494329305147318,0.5494969103831941,0.5796151090879192
GPEINADOFRANGANILLO,0.4142320823197103,0.4593512769496546,0.362887612465151,0.29362929833520274,0.4474784210575031,0.427421626391262
GVEZONIK,0.367769949146767,0.4455586611686789,0.485159459619773,0.5111868865858827,0.4627177636285841,0.5632920872703353
HDUYSEN,0.4217631231153068,0.5261079501158804,0.5499000598990694,0.48428501715856376,0.5539933681808323,0.3377923649701989
HMCARTHUR,0.5079647301246296,0.47507103671864487,0.4746243450698202,0.5223519099699273,0.4735683708095269,0.5238413694498926
IFIDEL,0.4676657712878653,0.45752796302135645,0.39361607583187813,0.3243024957321231,0.4434573132023308,0.42493903923193205
JCHON,0.25310145667261386,0.4152409059334874,0.5197023662848421,0.5060090974746371,0.47232806294624513,0.42948272025119216
JCLEMENCE,0.40619853188303134,0.36110754824411295,0.3660354714872717,0.33258473799444244,0.34423844448555996,0.48182893737240856
JFU,0.367769949146767,0.5089896934434168,0.40486096296185425,0.4196298483343362,0.4926539904880013,0.3066953565632563
JHU,0.29421595931741357,0.42265044073217056,0.4307804363452278,0.4107641447590992,0.4368118804197176,0.341609297900258
JKRUDER,0.367769949146767,0.4203825490814363,0.4459237960675096,0.4028352279925038,0.439139131384149,0.5201315532433363
JMACDOUGALL,0.532292476329004,0.5319872576393511,0.33856774242425575,0.31335166007039417,0.43779998772251705,0.386330433939416
JPOPE,0.3920251016267791,0.4084736306753642,0.39697036455844736,0.3155588976506747,0.4113502750791636,0.4324423307897956
JPOSCH,0.4966177455022979,0.5243018362192061,0.4259059810636559,0.4279498291452776,0.506734501079611,0.4305329590297651
JSCHUBERT,0.4634957563201836,0.568862420766772,0.5747443913819416,0.5692764508830696,0.5675139203587146,0.5398452546610655
JWIMMER,0.3569895994943804,0.44014446262671675,0.2948885415878559,0.25396933534820093,0.37618781943295315,0.36999366981626836
KDOHI,0.6018223798798572,0.4274018258033474,0.39198585694777044,0.4172214806255598,0.4145576259868843,0.5538347697105106
KFUJII,0.4318441465001775,0.4724278333509845,0.42110175925771637,0.32238853636425613,0.43664166231486223,0.41055888157400594
KYAMAGUCHI,0.38185301971164654,0.4900290725748585,0.46003198722578376,0.3211709370313744,0.47337774838243946,0.5201315532433363
LAVEZOU,0.46452382874643994,0.49411772606740395,0.43662818747096566,0.37292475130921127,0.4739296380035087,0.46802465744141736
LBOLDRINI,0.44835871596605187,0.46730761749541794,0.4188253760372888,0.35652271845350963,0.439562202943621,0.4866529662218363
LFAVOT,0.37722896385778637,0.41817531597485935,0.3312603098011339,0.33431699164630574,0.41106942849608197,0.401702514952395
LMARTINS,0.4617958876479419,0.42298092989726976,0.4018497093952579,0.42941023922135263,0.4112692018795257,0.4439307969477547
LMOKROLUSKY,0.48938782556826466,0.5335822910334834,0.38960337297788383,0.35655123948164513,0.4813646215456978,0.44288234017283656
LSTRAUBHAAR,0.29421595931741357,0.5067511666689627,0.37674429526774306,0.27756208733959387,0.47948342466457805,0.33099280660939584
LTRANDAFIR,0.5859903220516133,0.46631395594095687,0.36019926861140916,0.3714210907662316,0.4529026535981567,0.5202323339577484
LVONFREIER,0.30918988177933915,0.35888449348514356,0.30525215326728433,0.25345023876899453,0.3478748947944739,0.4253600918635109
MBERGANT,0.4656079850434177,0.4679436600772565,0.4019827946762015,0.43035937452029915,0.4302155691320173,0.4738957875417202
MBERTONE,0.6783112319909885,0.5609820587968226,0.4065855847761919,0.42573187860420253,0.5187242540898914,0.6787834968733714
MCORNU,0.4987612214543141,0.6098015929746083,0.5036160893048892,0.4662520861225021,0.5695335845268406,0.653642964461796
MKLEESATTEL,0.31036655130312085,0.3324740596845681,0.2995133967411224,0.219286691587757,0.3184652183583387,0.36969863847711965
MMAWEM,0.5604409889780915,0.6205432851875856,0.5340146874727767,0.4147946033423817,0.591240330536176,0.7046753871947662
MMILNE,0.5597113265332412,0.4721512059048878,0.48185851682250025,0.5300771169538756,0.4718821288860162,0.5707125220363517
MNARASAKI,0.6614070605544651,0.6411549139847049,0.5552460932983345,0.5021182596525142,0.6159191792548928,0.6868072265897402
MPASTORSANCHEZ,0.32596619183281406,0.33519316947294425,0.35108168602096446,0.3938617000835833,0.3484607076215664,0.3294349989338207
MPICCOLRUAZ,0.46581533245822254,0.49514571029019955,0.42838552273942615,0.34503621974715415,0.45816445768773817,0.5201315532433363
MREUSA,0.46476994914676695,0.4744287619648238,0.4291045581068345,0.4579304934559221,0.45919374788545064,0.5201315532433363
MSCHALCK,0.733804243376278,0.7960726392467266,0.6545844802217631,0.6201358086422485,0.7582035973254069,0.7003825129479816
MTERNANT,0.39243343155736304,0.46165199879680635,0.42945423552618933,0.37409548301652834,0.45735467390614315,0.43513050283280635
NCOLLIN,0.3264753751130986,0.4492660635989227,0.4495937706577303,0.33702854146839034,0.46255458811273237,0.5589895194643512
NMARCUS,0.40431261897041776,0.4500086353996682,0.4014637640008682,0.40134023214930137,0.43959306392318137,0.5588535562562881
NRUSEV,0.33868811367275153,0.5342674689384114,0.3837243831789519,0.35191890181110236,0.47295290793984784,0.33274494840813734
NSARTIRANA,0.35943297021108117,0.41241318845149644,0.36067020008281747,0.27123481461232113,0.39499364337651355,0.44658673131135956
NUZNIK,0.26857868785523986,0.4462478173134795,0.4382774276117433,0.3315407441637339,0.4471488520822804,0.30505271702401004
OBAUDRAND,0.43582333277426033,0.5011655718932616,0.3866173331232946,0.3121793907749209,0.46783335955598204,0.44898739620884187
OMARK,0.46655566750812333,0.4984723054715092,0.4660067648013483,0.4539092352052884,0.4841370064310652,0.4824850138152247
OPRIHED,0.3212495601828647,0.5780372202947822,0.4235732676477217,0.3967011736116994,0.5167671767630365,0.4135700334266574
PBRAND,0.367769949146767,0.48927744233476905,0.42675571580819033,0.35280749532565864,0.4786327409328185,0.5201315532433363
PJENFT,0.4867395480810369,0.6000999269808954,0.4711744772052122,0.4136081965592375,0.5522240579768708,0.50335921345495
RFULKERSON,0.5031348364155972,0.5858486869323889,0.44745914960286315,0.35012858268864483,0.5486776332747604,0.5786151090879192
RGRUBER,0.30494479251501166,0.46834334430278995,0.30406794327702813,0.28125901747125354,0.35323143733178525,0.3229939132848734
RKAWAMATA,0.30436241530088043,0.5171891747090489,0.5541908753122224,0.5336741840425681,0.5476970462807776,0.23956862389804232
RKAYOTANI,0.38570176489498165,0.47912939498237556,0.5059816202634316,0.4351548420319125,0.4917526424121623,0.5411298892017645
RLEVIN,0.35025709442549235,0.38574304767910955,0.36641623343807306,0.34967337307236923,0.35659203749268537,0.33099280660939584
RRAMADHAN,0.4651595073796987,0.48812126866565547,0.425927541825627,0.44002005937072564,0.4613595146581429,0.47265034585729654
RSUGIMOTO,0.2842034819278006,0.4595617936229141,0.45912830996413845,0.4505310754977244,0.4665032425674174,0.33233674638624167
SAMAGASA,0.5240567417795533,0.6350664343067777,0.5766476430693399,0.5408679007587116,0.61809719391154,0.5618881499315305
SANRAKU,0.7668813650332461,0.7948865981434888,0.8231646662361454,0.8205906316848514,0.8161757516683434,0.756388099285939
SAVEZOU,0.5902802499332614,0.5706721783557256,0.5441296949766738,0.5489106737672831,0.5762167195004423,0.7005795476883818
SBAILEY,0.7468634336363025,0.6222741627031566,0.5229616481416635,0.4372569221333803,0.5905437451544583,0.5244773015657486
SKIROV,0.5447272425628151,0.5761603590827988,0.4105615335557274,0.4008974125394167,0.4856795448923208,0.5073443929006113
SLORENZI,0.42135628606133846,0.4744923224022839,0.5153557512441862,0.5236054410336659,0.5033985139207278,0.4916784888637418
SRICHARD,0.5395563800136004,0.5487523386866642,0.5142348831297653,0.49667450215019787,0.5594616726013807,0.5763293042533402
SYOSHIDA,0.367769949146767,0.5051906081690469,0.5108314858391676,0.5426463460453423,0.5094767765454917,0.5624920872703354
TBLOEM,0.4825375390523032,0.5494347873335641,0.3969941825270824,0.32686756094038016,0.503568459831466,0.4527022446536996
TLEMAGNER,0.39811912394764026,0.4990533373392014,0.44510120393824926,0.3357055307157022,0.4970606759668352,0.5655701725831226
TNARASAKI,0.6583202692507109,0.6334706085301379,0.5471191248948563,0.48600368820137746,0.6156081627938289,0.6166910270343072
TROBERTS,0.6725483853419686,0.5480011059659152,0.5144585405150032,0.49906989686238973,0.5289673200373436,0.6859889408352025
TROMSAK,0.6840844707064966,0.5093304439361065,0.42462794023794964,0.44405038957046483,0.4729167688789571,0.5118391961682468
TUZNIK,0.367769949146767,0.4657943137873186,0.4079855683241444,0.3735101171628698,0.44823539025354775,0.33099280660939584
TWURTHNER,0.3724252649587514,0.42947240746580095,0.38569374573479076,0.32386771312342744,0.4295027677477854,0.42451798660035306
TYAKOBOVITCH,0.30205181418279037,0.5199211492584351,0.4972856120500237,0.4275398917432846,0.5321659291582962,0.4037200793366686
XBAI,0.45373724445797575,0.5130835676846452,0.43037044589918705,0.44531354746520163,0.514552767798082,0.5543482537235511
YCHON,0.367769949146767,0.4091214142051162,0.393661483911271,0.41388958928858544,0.4174314709738704,0.4432920872703354
YFLOHE,0.3979948189659928,0.5478075380145786,0.585411282805523,0.5672372838445492,0.5905638145565115,0.4449502114443091
YFUJIWAKI,0.6139365292082866,0.49940455408998347,0.41614824114642235,0.39229063097751854,0.46172255380103006,0.4597322525484567
YINOUE,0.5078547072314958,0.47456854291583117,0.4246509965721821,0.3739092178595036,0.46341110802241064,0.4237341475487565
YOGATA,0.4751333100024369,0.6411638246631871,0.5794508647504558,0.5622444427132842,0.623853929746434,0.5827670001139923
YPAN,0.564224204330813,0.48400464944921195,0.48526860940134703,0.48558849927018766,0.49139162042072565,0.5432277913569292
YSUGIMOTO,0.372220366650422,0.4668763825452127,0.3910991406512929,0.3302040150685412,0.4602020886246741,0.5201315532433363
ZGALLA,0.6417394875783878,0.619000202083904,0.44802545522940973,0.36856476218925593,0.5656513595049825,0.5786151090879192
ZSUDAR,0.46648916515331434,0.46774828962562687,0.4016634078988141,0.43022930167950835,0.4300789225092813,0.47301780154443507
ZWALLER,0.4089584521862393,0.5894366997634528,0.3956068525079904,0.39359673356479946,0.5774318763580638,0.3793250921621702
ZXU,0.3697179673495421,0.5420681900979458,0.4285133857788398,0.4576113348575993,0.5127796870528936,0.38789721396635196
