Event_ID,Round,Boulder_Num,Athlete_ID,Score,Topped
HAC23,Semifinal,1,PJENFT,10,0
HAC23,Semifinal,2,PJENFT,9.6,0
HAC23,Semifinal,3,PJENFT,24.6,1
HAC23,Semifinal,4,PJENFT,24.5,1
HAC23,Semifinal,1,JCHON,0,0
HAC23,Semifinal,2,JCHON,0,0
HAC23,Semifinal,3,JCHON,24.6,1
HAC23,Semifinal,4,JCHON,25,1
HAC23,Semifinal,1,SANRAKU,10,0
HAC23,Semifinal,2,SANRAKU,9.3,0
HAC23,Semifinal,3,SANRAKU,9.9,0
HAC23,Semifinal,4,SANRAKU,25,1
HAC23,Semifinal,1,MSCHALCK,9.9,0
HAC23,Semifinal,2,MSCHALCK,9.6,0
HAC23,Semifinal,3,MSCHALCK,10,0
HAC23,Semifinal,4,MSCHALCK,24.9,1
HAC23,Semifinal,1,HDUYSEN,9.8,0
HAC23,Semifinal,2,HDUYSEN,24.3,1
HAC23,Semifinal,3,HDUYSEN,9.9,0
HAC23,Semifinal,4,HDUYSEN,10,0
HAC23,Semifinal,1,KFUJII,0,0
HAC23,Semifinal,2,KFUJII,0,0
HAC23,Semifinal,3,KFUJII,24.8,1
HAC23,Semifinal,4,KFUJII,10,0
HAC23,Semifinal,1,DLEE,0,0
HAC23,Semifinal,2,DLEE,0,0
HAC23,Semifinal,3,DLEE,24.6,1
HAC23,Semifinal,4,DLEE,10,0
HAC23,Semifinal,1,MNARASAKI,10,0
HAC23,Semifinal,2,MNARASAKI,9.7,0
HAC23,Semifinal,3,MNARASAKI,10,0
HAC23,Semifinal,4,MNARASAKI,9.7,0
HAC23,Semifinal,1,EGRUZITIS,10,0
HAC23,Semifinal,2,EGRUZITIS,9.5,0
HAC23,Semifinal,3,EGRUZITIS,10,0
HAC23,Semifinal,4,EGRUZITIS,9.8,0
HAC23,Semifinal,1,TNARASAKI,9.7,0
HAC23,Semifinal,2,TNARASAKI,9.6,0
HAC23,Semifinal,3,TNARASAKI,9.9,0
HAC23,Semifinal,4,TNARASAKI,10,0
HAC23,Semifinal,1,YFLOHE,9.7,0
HAC23,Semifinal,2,YFLOHE,0,0
HAC23,Semifinal,3,YFLOHE,9.8,0
HAC23,Semifinal,4,YFLOHE,9.9,0
HAC23,Semifinal,1,LAVEZOU,0,0
HAC23,Semifinal,2,LAVEZOU,9.2,0
HAC23,Semifinal,3,LAVEZOU,9.9,0
HAC23,Semifinal,4,LAVEZOU,9.8,0
HAC23,Semifinal,1,YOGATA,0,0
HAC23,Semifinal,2,YOGATA,0,0
HAC23,Semifinal,3,YOGATA,10,0
HAC23,Semifinal,4,YOGATA,10,0
HAC23,Semifinal,1,MTERNANT,0,0
HAC23,Semifinal,2,MTERNANT,0,0
HAC23,Semifinal,3,MTERNANT,9.8,0
HAC23,Semifinal,4,MTERNANT,10,0
HAC23,Semifinal,1,MMAWEM,0,0
HAC23,Semifinal,2,MMAWEM,0,0
HAC23,Semifinal,3,MMAWEM,9.8,0
HAC23,Semifinal,4,MMAWEM,9.9,0
HAC23,Semifinal,1,YINOUE,0,0
HAC23,Semifinal,2,YINOUE,0,0
HAC23,Semifinal,3,YINOUE,9.8,0
HAC23,Semifinal,4,YINOUE,9.8,0
HAC23,Semifinal,1,RKAYOTANI,0,0
HAC23,Semifinal,2,RKAYOTANI,0,0
HAC23,Semifinal,3,RKAYOTANI,9.6,0
HAC23,Semifinal,4,RKAYOTANI,10,0
HAC23,Semifinal,1,NUZNIK,0,0
HAC23,Semifinal,2,NUZNIK,0,0
HAC23,Semifinal,3,NUZNIK,9.6,0
HAC23,Semifinal,4,NUZNIK,9.9,0
HAC23,Semifinal,1,APEHARC,9.5,0
HAC23,Semifinal,2,APEHARC,0,0
HAC23,Semifinal,3,APEHARC,0,0
HAC23,Semifinal,4,APEHARC,9.9,0
HAC23,Semifinal,1,JPOPE,0,0
HAC23,Semifinal,2,JPOPE,0,0
HAC23,Semifinal,3,JPOPE,9.6,0
HAC23,Semifinal,4,JPOPE,0,0
HAC23,Final,1,MSCHALCK,24.7,1
HAC23,Final,2,MSCHALCK,24.8,1
HAC23,Final,3,MSCHALCK,9.7,0
HAC23,Final,4,MSCHALCK,0,0
HAC23,Final,1,HDUYSEN,9.2,0
HAC23,Final,2,HDUYSEN,24.9,1
HAC23,Final,3,HDUYSEN,10,0
HAC23,Final,4,HDUYSEN,0,0
HAC23,Final,1,PJENFT,10,0
HAC23,Final,2,PJENFT,24.8,1
HAC23,Final,3,PJENFT,10,0
HAC23,Final,4,PJENFT,0,0
HAC23,Final,1,KFUJII,9.4,0
HAC23,Final,2,KFUJII,10,0
HAC23,Final,3,KFUJII,10,0
HAC23,Final,4,KFUJII,0,0
HAC23,Final,1,SANRAKU,0,0
HAC23,Final,2,SANRAKU,10,0
HAC23,Final,3,SANRAKU,9.9,0
HAC23,Final,4,SANRAKU,9.3,0
HAC23,Final,1,JCHON,9.5,0
HAC23,Final,2,JCHON,9.6,0
HAC23,Final,3,JCHON,9.9,0
HAC23,Final,4,JCHON,0,0
SLC23,Semifinal,1,SANRAKU,25,1
SLC23,Semifinal,2,SANRAKU,25,1
SLC23,Semifinal,3,SANRAKU,24.9,1
SLC23,Semifinal,4,SANRAKU,25,1
SLC23,Semifinal,1,TNARASAKI,25,1
SLC23,Semifinal,2,TNARASAKI,10,0
SLC23,Semifinal,3,TNARASAKI,10,0
SLC23,Semifinal,4,TNARASAKI,25,1
SLC23,Semifinal,1,SBAILEY,25,1
SLC23,Semifinal,2,SBAILEY,10,0
SLC23,Semifinal,3,SBAILEY,9.9,0
SLC23,Semifinal,4,SBAILEY,25,1
SLC23,Semifinal,1,TROBERTS,25,1
SLC23,Semifinal,2,TROBERTS,10,0
SLC23,Semifinal,3,TROBERTS,10,0
SLC23,Semifinal,4,TROBERTS,24.8,1
SLC23,Semifinal,1,DSANO,24.8,1
SLC23,Semifinal,2,DSANO,10,0
SLC23,Semifinal,3,DSANO,9.9,0
SLC23,Semifinal,4,DSANO,24.9,1
SLC23,Semifinal,1,HDUYSEN,24.6,1
SLC23,Semifinal,2,HDUYSEN,10,0
SLC23,Semifinal,3,HDUYSEN,10,0
SLC23,Semifinal,4,HDUYSEN,25,1
SLC23,Semifinal,1,NMARCUS,24.8,1
SLC23,Semifinal,2,NMARCUS,0,0
SLC23,Semifinal,3,NMARCUS,24.8,1
SLC23,Semifinal,4,NMARCUS,9.9,0
SLC23,Semifinal,1,ZGALLA,24.7,1
SLC23,Semifinal,2,ZGALLA,0,0
SLC23,Semifinal,3,ZGALLA,10,0
SLC23,Semifinal,4,ZGALLA,24.8,1
SLC23,Semifinal,1,MMAWEM,25,1
SLC23,Semifinal,2,MMAWEM,10,0
SLC23,Semifinal,3,MMAWEM,10,0
SLC23,Semifinal,4,MMAWEM,9.8,0
SLC23,Semifinal,1,JPOSCH,24.9,1
SLC23,Semifinal,2,JPOSCH,10,0
SLC23,Semifinal,3,JPOSCH,10,0
SLC23,Semifinal,4,JPOSCH,10,0
SLC23,Semifinal,1,CDUFFY,24.7,1
SLC23,Semifinal,2,CDUFFY,10,0
SLC23,Semifinal,3,CDUFFY,9.8,0
SLC23,Semifinal,4,CDUFFY,10,0
SLC23,Semifinal,1,ZWALLER,24.7,1
SLC23,Semifinal,2,ZWALLER,10,0
SLC23,Semifinal,3,ZWALLER,9.8,0
SLC23,Semifinal,4,ZWALLER,10,0
SLC23,Semifinal,1,RKAYOTANI,24.6,1
SLC23,Semifinal,2,RKAYOTANI,10,0
SLC23,Semifinal,3,RKAYOTANI,9.7,0
SLC23,Semifinal,4,RKAYOTANI,10,0
SLC23,Semifinal,1,JCHON,0,0
SLC23,Semifinal,2,JCHON,10,0
SLC23,Semifinal,3,JCHON,9.9,0
SLC23,Semifinal,4,JCHON,25,1
SLC23,Semifinal,1,NRUSEV,25,1
SLC23,Semifinal,2,NRUSEV,9.6,0
SLC23,Semifinal,3,NRUSEV,0,0
SLC23,Semifinal,4,NRUSEV,9.9,0
SLC23,Semifinal,1,YOGATA,24.9,1
SLC23,Semifinal,2,YOGATA,10,0
SLC23,Semifinal,3,YOGATA,0,0
SLC23,Semifinal,4,YOGATA,10,0
SLC23,Semifinal,1,GLEVIN,24.9,1
SLC23,Semifinal,2,GLEVIN,9.8,0
SLC23,Semifinal,3,GLEVIN,0,0
SLC23,Semifinal,4,GLEVIN,10,0
SLC23,Semifinal,1,EGRUZITIS,24.9,1
SLC23,Semifinal,2,EGRUZITIS,9.7,0
SLC23,Semifinal,3,EGRUZITIS,0,0
SLC23,Semifinal,4,EGRUZITIS,9.9,0
SLC23,Semifinal,1,RFULKERSON,24.7,1
SLC23,Semifinal,2,RFULKERSON,9.9,0
SLC23,Semifinal,3,RFULKERSON,0,0
SLC23,Semifinal,4,RFULKERSON,9.9,0
SLC23,Semifinal,1,HMCARTHUR,10,0
SLC23,Semifinal,2,HMCARTHUR,9.6,0
SLC23,Semifinal,3,HMCARTHUR,9.9,0
SLC23,Semifinal,4,HMCARTHUR,10,0
SLC23,Semifinal,1,AKHAZANOV,0,0
SLC23,Semifinal,2,AKHAZANOV,10,0
SLC23,Semifinal,3,AKHAZANOV,10,0
SLC23,Semifinal,4,AKHAZANOV,10,0
SLC23,Semifinal,1,NCOLLIN,9.7,0
SLC23,Semifinal,2,NCOLLIN,10,0
SLC23,Semifinal,3,NCOLLIN,0,0
SLC23,Semifinal,4,NCOLLIN,9.9,0
SLC23,Final,1,TNARASAKI,25,1
SLC23,Final,2,TNARASAKI,24.9,1
SLC23,Final,3,TNARASAKI,24.9,1
SLC23,Final,4,TNARASAKI,25,1
SLC23,Final,1,SANRAKU,24.7,1
SLC23,Final,2,SANRAKU,24.9,1
SLC23,Final,3,SANRAKU,24.8,1
SLC23,Final,4,SANRAKU,24.8,1
SLC23,Final,1,TROBERTS,9.7,0
SLC23,Final,2,TROBERTS,24.7,1
SLC23,Final,3,TROBERTS,24.8,1
SLC23,Final,4,TROBERTS,25,1
SLC23,Final,1,SBAILEY,24.7,1
SLC23,Final,2,SBAILEY,0,0
SLC23,Final,3,SBAILEY,24.8,1
SLC23,Final,4,SBAILEY,25,1
SLC23,Final,1,DSANO,24.9,1
SLC23,Final,2,DSANO,24.7,1
SLC23,Final,3,DSANO,9.8,0
SLC23,Final,4,DSANO,9.8,0
SLC23,Final,1,HDUYSEN,0,0
SLC23,Final,2,HDUYSEN,24.9,1
SLC23,Final,3,HDUYSEN,10,0
SLC23,Final,4,HDUYSEN,25,1
PRA23,Semifinal,1,DLEE,25,1
PRA23,Semifinal,2,DLEE,25,1
PRA23,Semifinal,3,DLEE,25,1
PRA23,Semifinal,4,DLEE,8.9,0
PRA23,Semifinal,1,YOGATA,24.9,1
PRA23,Semifinal,2,YOGATA,25,1
PRA23,Semifinal,3,YOGATA,25,1
PRA23,Semifinal,4,YOGATA,0,0
PRA23,Semifinal,1,MSCHALCK,24.9,1
PRA23,Semifinal,2,MSCHALCK,10,0
PRA23,Semifinal,3,MSCHALCK,9.6,0
PRA23,Semifinal,4,MSCHALCK,24.8,1
PRA23,Semifinal,1,JPOSCH,24.8,1
PRA23,Semifinal,2,JPOSCH,9.7,0
PRA23,Semifinal,3,JPOSCH,24.7,1
PRA23,Semifinal,4,JPOSCH,9.6,0
PRA23,Semifinal,1,AONDRA,0,0
PRA23,Semifinal,2,AONDRA,24.8,1
PRA23,Semifinal,3,AONDRA,9.1,0
PRA23,Semifinal,4,AONDRA,24.9,1
PRA23,Semifinal,1,YFLOHE,9.2,0
PRA23,Semifinal,2,YFLOHE,25,1
PRA23,Semifinal,3,YFLOHE,24.3,1
PRA23,Semifinal,4,YFLOHE,0,0
PRA23,Semifinal,1,SANRAKU,0,0
PRA23,Semifinal,2,SANRAKU,24.9,1
PRA23,Semifinal,3,SANRAKU,24.8,1
PRA23,Semifinal,4,SANRAKU,0,0
PRA23,Semifinal,1,CDUFFY,24.7,1
PRA23,Semifinal,2,CDUFFY,10,0
PRA23,Semifinal,3,CDUFFY,9.9,0
PRA23,Semifinal,4,CDUFFY,9.1,0
PRA23,Semifinal,1,MMAWEM,24.7,1
PRA23,Semifinal,2,MMAWEM,10,0
PRA23,Semifinal,3,MMAWEM,9.4,0
PRA23,Semifinal,4,MMAWEM,9.7,0
PRA23,Semifinal,1,TNARASAKI,9.8,0
PRA23,Semifinal,2,TNARASAKI,10,0
PRA23,Semifinal,3,TNARASAKI,10,0
PRA23,Semifinal,4,TNARASAKI,23.6,1
PRA23,Semifinal,1,RKAYOTANI,0,0
PRA23,Semifinal,2,RKAYOTANI,9,0
PRA23,Semifinal,3,RKAYOTANI,24.8,1
PRA23,Semifinal,4,RKAYOTANI,9.3,0
PRA23,Semifinal,1,SLORENZI,9.9,0
PRA23,Semifinal,2,SLORENZI,9.5,0
PRA23,Semifinal,3,SLORENZI,24.5,1
PRA23,Semifinal,4,SLORENZI,0,0
PRA23,Semifinal,1,HDUYSEN,10,0
PRA23,Semifinal,2,HDUYSEN,10,0
PRA23,Semifinal,3,HDUYSEN,24.1,1
PRA23,Semifinal,4,HDUYSEN,0,0
PRA23,Semifinal,1,YPAN,0,0
PRA23,Semifinal,2,YPAN,0,0
PRA23,Semifinal,3,YPAN,25,1
PRA23,Semifinal,4,YPAN,10,0
PRA23,Semifinal,1,TROBERTS,25,1
PRA23,Semifinal,2,TROBERTS,9.6,0
PRA23,Semifinal,3,TROBERTS,0,0
PRA23,Semifinal,4,TROBERTS,0,0
PRA23,Semifinal,1,JCHON,24.9,1
PRA23,Semifinal,2,JCHON,10,0
PRA23,Semifinal,3,JCHON,0,0
PRA23,Semifinal,4,JCHON,0,0
PRA23,Semifinal,1,KFUJII,24.8,1
PRA23,Semifinal,2,KFUJII,0,0
PRA23,Semifinal,3,KFUJII,0,0
PRA23,Semifinal,4,KFUJII,0,0
PRA23,Semifinal,1,JKRUDER,0,0
PRA23,Semifinal,2,JKRUDER,10,0
PRA23,Semifinal,3,JKRUDER,9.9,0
PRA23,Semifinal,4,JKRUDER,0,0
PRA23,Semifinal,1,MMILNE,0,0
PRA23,Semifinal,2,MMILNE,9.9,0
PRA23,Semifinal,3,MMILNE,0,0
PRA23,Semifinal,4,MMILNE,9.6,0
PRA23,Semifinal,1,NMARCUS,0,0
PRA23,Semifinal,2,NMARCUS,0,0
PRA23,Semifinal,3,NMARCUS,9.9,0
PRA23,Semifinal,4,NMARCUS,0,0
PRA23,Final,1,DLEE,24.9,1
PRA23,Final,2,DLEE,25,1
PRA23,Final,3,DLEE,25,1
PRA23,Final,4,DLEE,25,1
PRA23,Final,1,AONDRA,24.5,1
PRA23,Final,2,AONDRA,24.8,1
PRA23,Final,3,AONDRA,24.8,1
PRA23,Final,4,AONDRA,25,1
PRA23,Final,1,MSCHALCK,25,1
PRA23,Final,2,MSCHALCK,25,1
PRA23,Final,3,MSCHALCK,9.8,0
PRA23,Final,4,MSCHALCK,25,1
PRA23,Final,1,YOGATA,24.8,1
PRA23,Final,2,YOGATA,25,1
PRA23,Final,3,YOGATA,10,0
PRA23,Final,4,YOGATA,25,1
PRA23,Final,1,YFLOHE,24.4,1
PRA23,Final,2,YFLOHE,25,1
PRA23,Final,3,YFLOHE,0,0
PRA23,Final,4,YFLOHE,25,1
PRA23,Final,1,JPOSCH,9.6,0
PRA23,Final,2,JPOSCH,10,0
PRA23,Final,3,JPOSCH,0,0
PRA23,Final,4,JPOSCH,25,1
BRI23,Semifinal,1,TROBERTS,24.8,1
BRI23,Semifinal,2,TROBERTS,24.9,1
BRI23,Semifinal,3,TROBERTS,25,1
BRI23,Semifinal,4,TROBERTS,8.8,0
BRI23,Semifinal,1,SANRAKU,24.9,1
BRI23,Semifinal,2,SANRAKU,24.8,1
BRI23,Semifinal,3,SANRAKU,24.9,1
BRI23,Semifinal,4,SANRAKU,9.8,0
BRI23,Semifinal,1,TNARASAKI,25,1
BRI23,Semifinal,2,TNARASAKI,25,1
BRI23,Semifinal,3,TNARASAKI,10,0
BRI23,Semifinal,4,TNARASAKI,24.5,1
BRI23,Semifinal,1,DLEE,24.8,1
BRI23,Semifinal,2,DLEE,10,0
BRI23,Semifinal,3,DLEE,24.8,1
BRI23,Semifinal,4,DLEE,24.5,1
BRI23,Semifinal,1,MNARASAKI,24.6,1
BRI23,Semifinal,2,MNARASAKI,25,1
BRI23,Semifinal,3,MNARASAKI,10,0
BRI23,Semifinal,4,MNARASAKI,9.5,0
BRI23,Semifinal,1,YOGATA,9.7,0
BRI23,Semifinal,2,YOGATA,24.8,1
BRI23,Semifinal,3,YOGATA,10,0
BRI23,Semifinal,4,YOGATA,24.7,1
BRI23,Semifinal,1,CDUFFY,24.6,1
BRI23,Semifinal,2,CDUFFY,24.9,1
BRI23,Semifinal,3,CDUFFY,10,0
BRI23,Semifinal,4,CDUFFY,9.9,0
BRI23,Semifinal,1,YFLOHE,24.4,1
BRI23,Semifinal,2,YFLOHE,25,1
BRI23,Semifinal,3,YFLOHE,10,0
BRI23,Semifinal,4,YFLOHE,9.7,0
BRI23,Semifinal,1,AGINESLOPEZ,9.6,0
BRI23,Semifinal,2,AGINESLOPEZ,24.9,1
BRI23,Semifinal,3,AGINESLOPEZ,10,0
BRI23,Semifinal,4,AGINESLOPEZ,9.8,0
BRI23,Semifinal,1,HMCARTHUR,0,0
BRI23,Semifinal,2,HMCARTHUR,25,1
BRI23,Semifinal,3,HMCARTHUR,10,0
BRI23,Semifinal,4,HMCARTHUR,10,0
BRI23,Semifinal,1,MMILNE,24.8,1
BRI23,Semifinal,2,MMILNE,0,0
BRI23,Semifinal,3,MMILNE,10,0
BRI23,Semifinal,4,MMILNE,9.8,0
BRI23,Semifinal,1,JPOSCH,24.5,1
BRI23,Semifinal,2,JPOSCH,0,0
BRI23,Semifinal,3,JPOSCH,9.8,0
BRI23,Semifinal,4,JPOSCH,9.7,0
BRI23,Semifinal,1,LFAVOT,9.7,0
BRI23,Semifinal,2,LFAVOT,0,0
BRI23,Semifinal,3,LFAVOT,10,0
BRI23,Semifinal,4,LFAVOT,9.8,0
BRI23,Semifinal,1,RKAYOTANI,0,0
BRI23,Semifinal,2,RKAYOTANI,9.9,0
BRI23,Semifinal,3,RKAYOTANI,10,0
BRI23,Semifinal,4,RKAYOTANI,9.6,0
BRI23,Semifinal,1,NMARCUS,9.6,0
BRI23,Semifinal,2,NMARCUS,0,0
BRI23,Semifinal,3,NMARCUS,10,0
BRI23,Semifinal,4,NMARCUS,9.8,0
BRI23,Semifinal,1,JCHON,0,0
BRI23,Semifinal,2,JCHON,9.9,0
BRI23,Semifinal,3,JCHON,10,0
BRI23,Semifinal,4,JCHON,9.1,0
BRI23,Semifinal,1,JMACDOUGALL,9.9,0
BRI23,Semifinal,2,JMACDOUGALL,0,0
BRI23,Semifinal,3,JMACDOUGALL,0,0
BRI23,Semifinal,4,JMACDOUGALL,9.9,0
BRI23,Semifinal,1,APEHARC,0,0
BRI23,Semifinal,2,APEHARC,0,0
BRI23,Semifinal,3,APEHARC,9.9,0
BRI23,Semifinal,4,APEHARC,9.8,0
BRI23,Semifinal,1,EERNSBERGER,0,0
BRI23,Semifinal,2,EERNSBERGER,0,0
BRI23,Semifinal,3,EERNSBERGER,9.8,0
BRI23,Semifinal,4,EERNSBERGER,9.4,0
BRI23,Semifinal,1,AONDRA,0,0
BRI23,Semifinal,2,AONDRA,0,0
BRI23,Semifinal,3,AONDRA,10,0
BRI23,Semifinal,4,AONDRA,9.2,0
BRI23,Final,1,TROBERTS,24.7,1
BRI23,Final,2,TROBERTS,10,0
BRI23,Final,3,TROBERTS,24.8,1
BRI23,Final,4,TROBERTS,24.8,1
BRI23,Final,1,DLEE,25,1
BRI23,Final,2,DLEE,10,0
BRI23,Final,3,DLEE,24.9,1
BRI23,Final,4,DLEE,10,0
BRI23,Final,1,YOGATA,9.9,0
BRI23,Final,2,YOGATA,9.9,0
BRI23,Final,3,YOGATA,24.7,1
BRI23,Final,4,YOGATA,25,1
BRI23,Final,1,MNARASAKI,9.7,0
BRI23,Final,2,MNARASAKI,9.9,0
BRI23,Final,3,MNARASAKI,24.7,1
BRI23,Final,4,MNARASAKI,25,1
BRI23,Final,1,SANRAKU,0,0
BRI23,Final,2,SANRAKU,24.9,1
BRI23,Final,3,SANRAKU,24.8,1
BRI23,Final,4,SANRAKU,0,0
BRI23,Final,1,TNARASAKI,0,0
BRI23,Final,2,TNARASAKI,10,0
BRI23,Final,3,TNARASAKI,25,1
BRI23,Final,4,TNARASAKI,0,0
IBK23,Semifinal,1,SLORENZI,24.9,1
IBK23,Semifinal,2,SLORENZI,24.8,1
IBK23,Semifinal,3,SLORENZI,24.6,1
IBK23,Semifinal,4,SLORENZI,24.9,1
IBK23,Semifinal,1,MNARASAKI,0,0
IBK23,Semifinal,2,MNARASAKI,25,1
IBK23,Semifinal,3,MNARASAKI,24.7,1
IBK23,Semifinal,4,MNARASAKI,24.9,1
IBK23,Semifinal,1,SAVEZOU,24.8,1
IBK23,Semifinal,2,SAVEZOU,10,0
IBK23,Semifinal,3,SAVEZOU,10,0
IBK23,Semifinal,4,SAVEZOU,24.9,1
IBK23,Semifinal,1,NCOLLIN,24.8,1
IBK23,Semifinal,2,NCOLLIN,24.9,1
IBK23,Semifinal,3,NCOLLIN,10,0
IBK23,Semifinal,4,NCOLLIN,9.7,0
IBK23,Semifinal,1,JCHON,24.8,1
IBK23,Semifinal,2,JCHON,25,1
IBK23,Semifinal,3,JCHON,10,0
IBK23,Semifinal,4,JCHON,0,0
IBK23,Semifinal,1,SANRAKU,0,0
IBK23,Semifinal,2,SANRAKU,25,1
IBK23,Semifinal,3,SANRAKU,24.8,1
IBK23,Semifinal,4,SANRAKU,0,0
IBK23,Semifinal,1,YOGATA,25,1
IBK23,Semifinal,2,YOGATA,10,0
IBK23,Semifinal,3,YOGATA,10,0
IBK23,Semifinal,4,YOGATA,9.4,0
IBK23,Semifinal,1,AMEGOS,9.4,0
IBK23,Semifinal,2,AMEGOS,10,0
IBK23,Semifinal,3,AMEGOS,24.6,1
IBK23,Semifinal,4,AMEGOS,9.7,0
IBK23,Semifinal,1,CDUFFY,25,1
IBK23,Semifinal,2,CDUFFY,9.9,0
IBK23,Semifinal,3,CDUFFY,10,0
IBK23,Semifinal,4,CDUFFY,0,0
IBK23,Semifinal,1,TROBERTS,0,0
IBK23,Semifinal,2,TROBERTS,25,1
IBK23,Semifinal,3,TROBERTS,10,0
IBK23,Semifinal,4,TROBERTS,9.9,0
IBK23,Semifinal,1,TNARASAKI,0,0
IBK23,Semifinal,2,TNARASAKI,25,1
IBK23,Semifinal,3,TNARASAKI,10,0
IBK23,Semifinal,4,TNARASAKI,9.7,0
IBK23,Semifinal,1,RKAYOTANI,24.8,1
IBK23,Semifinal,2,RKAYOTANI,10,0
IBK23,Semifinal,3,RKAYOTANI,10,0
IBK23,Semifinal,4,RKAYOTANI,0,0
IBK23,Semifinal,1,HDUYSEN,24.8,1
IBK23,Semifinal,2,HDUYSEN,10,0
IBK23,Semifinal,3,HDUYSEN,9.6,0
IBK23,Semifinal,4,HDUYSEN,0,0
IBK23,Semifinal,1,DLEE,25,1
IBK23,Semifinal,2,DLEE,10,0
IBK23,Semifinal,3,DLEE,0,0
IBK23,Semifinal,4,DLEE,0,0
IBK23,Semifinal,1,KFUJII,0,0
IBK23,Semifinal,2,KFUJII,10,0
IBK23,Semifinal,3,KFUJII,10,0
IBK23,Semifinal,4,KFUJII,10,0
IBK23,Semifinal,1,YPAN,0,0
IBK23,Semifinal,2,YPAN,9.9,0
IBK23,Semifinal,3,YPAN,10,0
IBK23,Semifinal,4,YPAN,9.6,0
IBK23,Semifinal,1,JSCHUBERT,0,0
IBK23,Semifinal,2,JSCHUBERT,0,0
IBK23,Semifinal,3,JSCHUBERT,10,0
IBK23,Semifinal,4,JSCHUBERT,10,0
IBK23,Semifinal,1,MBERGANT,0,0
IBK23,Semifinal,2,MBERGANT,0,0
IBK23,Semifinal,3,MBERGANT,10,0
IBK23,Semifinal,4,MBERGANT,9.9,0
IBK23,Semifinal,1,DCOUNTRYMAN,0,0
IBK23,Semifinal,2,DCOUNTRYMAN,0,0
IBK23,Semifinal,3,DCOUNTRYMAN,10,0
IBK23,Semifinal,4,DCOUNTRYMAN,9.9,0
IBK23,Semifinal,1,ZSUDAR,0,0
IBK23,Semifinal,2,ZSUDAR,0,0
IBK23,Semifinal,3,ZSUDAR,9.9,0
IBK23,Semifinal,4,ZSUDAR,10,0
IBK23,Final,1,SANRAKU,25,1
IBK23,Final,2,SANRAKU,24.8,1
IBK23,Final,3,SANRAKU,0,0
IBK23,Final,4,SANRAKU,24.4,1
IBK23,Final,1,MNARASAKI,25,1
IBK23,Final,2,MNARASAKI,0,0
IBK23,Final,3,MNARASAKI,24.4,1
IBK23,Final,4,MNARASAKI,24.4,1
IBK23,Final,1,SAVEZOU,24.9,1
IBK23,Final,2,SAVEZOU,0,0
IBK23,Final,3,SAVEZOU,24.9,1
IBK23,Final,4,SAVEZOU,0,0
IBK23,Final,1,JCHON,25,1
IBK23,Final,2,JCHON,0,0
IBK23,Final,3,JCHON,0,0
IBK23,Final,4,JCHON,24.6,1
IBK23,Final,1,NCOLLIN,24.9,1
IBK23,Final,2,NCOLLIN,0,0
IBK23,Final,3,NCOLLIN,0,0
IBK23,Final,4,NCOLLIN,24.6,1
IBK23,Final,1,SLORENZI,0,0
IBK23,Final,2,SLORENZI,0,0
IBK23,Final,3,SLORENZI,0,0
IBK23,Final,4,SLORENZI,0,0
BER23,Semifinal,1,SANRAKU,25,1
BER23,Semifinal,2,SANRAKU,24.9,1
BER23,Semifinal,3,SANRAKU,24.9,1
BER23,Semifinal,4,SANRAKU,24.5,1
BER23,Semifinal,1,MMAWEM,24.9,1
BER23,Semifinal,2,MMAWEM,9.8,0
BER23,Semifinal,3,MMAWEM,24.8,1
BER23,Semifinal,4,MMAWEM,24.9,1
BER23,Semifinal,1,KFUJII,24.8,1
BER23,Semifinal,2,KFUJII,10,0
BER23,Semifinal,3,KFUJII,24.8,1
BER23,Semifinal,4,KFUJII,24.7,1
BER23,Semifinal,1,MSCHALCK,24.8,1
BER23,Semifinal,2,MSCHALCK,0,0
BER23,Semifinal,3,MSCHALCK,24.8,1
BER23,Semifinal,4,MSCHALCK,24.9,1
BER23,Semifinal,1,DLEE,25,1
BER23,Semifinal,2,DLEE,0,0
BER23,Semifinal,3,DLEE,24.8,1
BER23,Semifinal,4,DLEE,24.5,1
BER23,Semifinal,1,NUZNIK,25,1
BER23,Semifinal,2,NUZNIK,9.7,0
BER23,Semifinal,3,NUZNIK,10,0
BER23,Semifinal,4,NUZNIK,25,1
BER23,Semifinal,1,YOGATA,24.9,1
BER23,Semifinal,2,YOGATA,9.9,0
BER23,Semifinal,3,YOGATA,10,0
BER23,Semifinal,4,YOGATA,25,1
BER23,Semifinal,1,AONDRA,25,1
BER23,Semifinal,2,AONDRA,10,0
BER23,Semifinal,3,AONDRA,9.8,0
BER23,Semifinal,4,AONDRA,24.7,1
BER23,Semifinal,1,YFLOHE,25,1
BER23,Semifinal,2,YFLOHE,10,0
BER23,Semifinal,3,YFLOHE,9.9,0
BER23,Semifinal,4,YFLOHE,24.6,1
BER23,Semifinal,1,SAVEZOU,25,1
BER23,Semifinal,2,SAVEZOU,0,0
BER23,Semifinal,3,SAVEZOU,10,0
BER23,Semifinal,4,SAVEZOU,24.9,1
BER23,Semifinal,1,PJENFT,25,1
BER23,Semifinal,2,PJENFT,0,0
BER23,Semifinal,3,PJENFT,9.9,0
BER23,Semifinal,4,PJENFT,24.9,1
BER23,Semifinal,1,JSCHUBERT,25,1
BER23,Semifinal,2,JSCHUBERT,24.9,1
BER23,Semifinal,3,JSCHUBERT,0,0
BER23,Semifinal,4,JSCHUBERT,9,0
BER23,Semifinal,1,TNARASAKI,25,1
BER23,Semifinal,2,TNARASAKI,24.8,1
BER23,Semifinal,3,TNARASAKI,10,0
BER23,Semifinal,4,TNARASAKI,0,0
BER23,Semifinal,1,MNARASAKI,24.6,1
BER23,Semifinal,2,MNARASAKI,25,1
BER23,Semifinal,3,MNARASAKI,9.5,0
BER23,Semifinal,4,MNARASAKI,0,0
BER23,Semifinal,1,MCORNU,24.5,1
BER23,Semifinal,2,MCORNU,0,0
BER23,Semifinal,3,MCORNU,9.7,0
BER23,Semifinal,4,MCORNU,24.9,1
BER23,Semifinal,1,JMACDOUGALL,24.7,1
BER23,Semifinal,2,JMACDOUGALL,0,0
BER23,Semifinal,3,JMACDOUGALL,24.7,1
BER23,Semifinal,4,JMACDOUGALL,9.2,0
BER23,Semifinal,1,AMEGOS,24.9,1
BER23,Semifinal,2,AMEGOS,0,0
BER23,Semifinal,3,AMEGOS,9.9,0
BER23,Semifinal,4,AMEGOS,24.4,1
BER23,Semifinal,1,JCLEMENCE,24.7,1
BER23,Semifinal,2,JCLEMENCE,10,0
BER23,Semifinal,3,JCLEMENCE,0,0
BER23,Semifinal,4,JCLEMENCE,0,0
BER23,Semifinal,1,TROBERTS,0,0
BER23,Semifinal,2,TROBERTS,0,0
BER23,Semifinal,3,TROBERTS,9.9,0
BER23,Semifinal,4,TROBERTS,0,0
BER23,Semifinal,1,MKLEESATTEL,0,0
BER23,Semifinal,2,MKLEESATTEL,0,0
BER23,Semifinal,3,MKLEESATTEL,0,0
BER23,Semifinal,4,MKLEESATTEL,9.7,0
BER23,Final,1,MMAWEM,25,1
BER23,Final,2,MMAWEM,24.8,1
BER23,Final,3,MMAWEM,24.7,1
BER23,Final,4,MMAWEM,9.6,0
BER23,Final,1,MSCHALCK,25,1
BER23,Final,2,MSCHALCK,9.9,0
BER23,Final,3,MSCHALCK,24.7,1
BER23,Final,4,MSCHALCK,9.8,0
BER23,Final,1,DLEE,24.8,1
BER23,Final,2,DLEE,24.9,1
BER23,Final,3,DLEE,9,0
BER23,Final,4,DLEE,0,0
BER23,Final,1,SANRAKU,25,1
BER23,Final,2,SANRAKU,24.9,1
BER23,Final,3,SANRAKU,0,0
BER23,Final,4,SANRAKU,0,0
BER23,Final,1,NUZNIK,10,0
BER23,Final,2,NUZNIK,9.9,0
BER23,Final,3,NUZNIK,0,0
BER23,Final,4,NUZNIK,24.9,1
BER23,Final,1,KFUJII,10,0
BER23,Final,2,KFUJII,9.9,0
BER23,Final,3,KFUJII,0,0
BER23,Final,4,KFUJII,0,0
SLC24,Semifinal,1,JSCHUBERT,24.7,1
SLC24,Semifinal,2,JSCHUBERT,24.9,1
SLC24,Semifinal,3,JSCHUBERT,25,1
SLC24,Semifinal,4,JSCHUBERT,10,0
SLC24,Semifinal,1,JPOSCH,25,1
SLC24,Semifinal,2,JPOSCH,9.8,0
SLC24,Semifinal,3,JPOSCH,9.9,0
SLC24,Semifinal,4,JPOSCH,24.8,1
SLC24,Semifinal,1,MNARASAKI,24.9,1
SLC24,Semifinal,2,MNARASAKI,9.5,0
SLC24,Semifinal,3,MNARASAKI,10,0
SLC24,Semifinal,4,MNARASAKI,24.8,1
SLC24,Semifinal,1,YFLOHE,9.6,0
SLC24,Semifinal,2,YFLOHE,9.8,0
SLC24,Semifinal,3,YFLOHE,25,1
SLC24,Semifinal,4,YFLOHE,24.7,1
SLC24,Semifinal,1,SANRAKU,24.9,1
SLC24,Semifinal,2,SANRAKU,9.8,0
SLC24,Semifinal,3,SANRAKU,9.8,0
SLC24,Semifinal,4,SANRAKU,24.6,1
SLC24,Semifinal,1,SAMAGASA,9.4,0
SLC24,Semifinal,2,SAMAGASA,25,1
SLC24,Semifinal,3,SAMAGASA,0,0
SLC24,Semifinal,4,SAMAGASA,24.8,1
SLC24,Semifinal,1,TROBERTS,24.9,1
SLC24,Semifinal,2,TROBERTS,8.9,0
SLC24,Semifinal,3,TROBERTS,0,0
SLC24,Semifinal,4,TROBERTS,24.9,1
SLC24,Semifinal,1,CDUFFY,0,0
SLC24,Semifinal,2,CDUFFY,25,1
SLC24,Semifinal,3,CDUFFY,9.8,0
SLC24,Semifinal,4,CDUFFY,24.6,1
SLC24,Semifinal,1,TNARASAKI,24.6,1
SLC24,Semifinal,2,TNARASAKI,9.7,0
SLC24,Semifinal,3,TNARASAKI,0,0
SLC24,Semifinal,4,TNARASAKI,24.9,1
SLC24,Semifinal,1,OBAUDRAND,25,1
SLC24,Semifinal,2,OBAUDRAND,9.8,0
SLC24,Semifinal,3,OBAUDRAND,0,0
SLC24,Semifinal,4,OBAUDRAND,24.4,1
SLC24,Semifinal,1,MCORNU,24.8,1
SLC24,Semifinal,2,MCORNU,9.8,0
SLC24,Semifinal,3,MCORNU,0,0
SLC24,Semifinal,4,MCORNU,24.5,1
SLC24,Semifinal,1,NRUSEV,24.9,1
SLC24,Semifinal,2,NRUSEV,9.8,0
SLC24,Semifinal,3,NRUSEV,0,0
SLC24,Semifinal,4,NRUSEV,24.4,1
SLC24,Semifinal,1,SKIROV,24.5,1
SLC24,Semifinal,2,SKIROV,9.9,0
SLC24,Semifinal,3,SKIROV,0,0
SLC24,Semifinal,4,SKIROV,24.7,1
SLC24,Semifinal,1,TLEMAGNER,24.9,1
SLC24,Semifinal,2,TLEMAGNER,0,0
SLC24,Semifinal,3,TLEMAGNER,0,0
SLC24,Semifinal,4,TLEMAGNER,24.5,1
SLC24,Semifinal,1,YINOUE,24.4,1
SLC24,Semifinal,2,YINOUE,9.6,0
SLC24,Semifinal,3,YINOUE,9.8,0
SLC24,Semifinal,4,YINOUE,9.6,0
SLC24,Semifinal,1,TROMSAK,24.9,1
SLC24,Semifinal,2,TROMSAK,9.9,0
SLC24,Semifinal,3,TROMSAK,0,0
SLC24,Semifinal,4,TROMSAK,9.4,0
SLC24,Semifinal,1,BHANNA,9.8,0
SLC24,Semifinal,2,BHANNA,10,0
SLC24,Semifinal,3,BHANNA,0,0
SLC24,Semifinal,4,BHANNA,24.5,1
SLC24,Semifinal,1,YOGATA,24.4,1
SLC24,Semifinal,2,YOGATA,9.8,0
SLC24,Semifinal,3,YOGATA,0,0
SLC24,Semifinal,4,YOGATA,9.9,0
SLC24,Semifinal,1,BVARGAS,9.8,0
SLC24,Semifinal,2,BVARGAS,9.5,0
SLC24,Semifinal,3,BVARGAS,0,0
SLC24,Semifinal,4,BVARGAS,9.5,0
SLC24,Semifinal,1,DAKHTAR,9.9,0
SLC24,Semifinal,2,DAKHTAR,0,0
SLC24,Semifinal,3,DAKHTAR,0,0
SLC24,Semifinal,4,DAKHTAR,9.7,0
SLC24,Final,1,SANRAKU,24.9,1
SLC24,Final,2,SANRAKU,10,0
SLC24,Final,3,SANRAKU,24.5,1
SLC24,Final,4,SANRAKU,24.8,1
SLC24,Final,1,MNARASAKI,9.3,0
SLC24,Final,2,MNARASAKI,10,0
SLC24,Final,3,MNARASAKI,25,1
SLC24,Final,4,MNARASAKI,9.8,0
SLC24,Final,1,JSCHUBERT,24.4,1
SLC24,Final,2,JSCHUBERT,10,0
SLC24,Final,3,JSCHUBERT,9.9,0
SLC24,Final,4,JSCHUBERT,10,0
SLC24,Final,1,SAMAGASA,24.4,1
SLC24,Final,2,SAMAGASA,9.9,0
SLC24,Final,3,SAMAGASA,9.6,0
SLC24,Final,4,SAMAGASA,10,0
SLC24,Final,1,JPOSCH,9.3,0
SLC24,Final,2,JPOSCH,10,0
SLC24,Final,3,JPOSCH,24.8,1
SLC24,Final,4,JPOSCH,0,0
SLC24,Final,1,YFLOHE,0,0
SLC24,Final,2,YFLOHE,10,0
SLC24,Final,3,YFLOHE,24.8,1
SLC24,Final,4,YFLOHE,0,0
IBK24,Semifinal,1,SANRAKU,24.8,1
IBK24,Semifinal,2,SANRAKU,24.7,1
IBK24,Semifinal,3,SANRAKU,24.7,1
IBK24,Semifinal,4,SANRAKU,24.8,1
IBK24,Semifinal,1,TROBERTS,25,1
IBK24,Semifinal,2,TROBERTS,9,0
IBK24,Semifinal,3,TROBERTS,9.9,0
IBK24,Semifinal,4,TROBERTS,24.7,1
IBK24,Semifinal,1,MNARASAKI,24.8,1
IBK24,Semifinal,2,MNARASAKI,9.9,0
IBK24,Semifinal,3,MNARASAKI,9.7,0
IBK24,Semifinal,4,MNARASAKI,24.7,1
IBK24,Semifinal,1,EKRUGER,25,1
IBK24,Semifinal,2,EKRUGER,9.7,0
IBK24,Semifinal,3,EKRUGER,9.8,0
IBK24,Semifinal,4,EKRUGER,9.5,0
IBK24,Semifinal,1,RKAYOTANI,24.9,1
IBK24,Semifinal,2,RKAYOTANI,9.6,0
IBK24,Semifinal,3,RKAYOTANI,9.9,0
IBK24,Semifinal,4,RKAYOTANI,9.6,0
IBK24,Semifinal,1,SAMAGASA,9.9,0
IBK24,Semifinal,2,SAMAGASA,9.9,0
IBK24,Semifinal,3,SAMAGASA,9.8,0
IBK24,Semifinal,4,SAMAGASA,24.8,1
IBK24,Semifinal,1,AINTRACHUPONGSE,9.8,0
IBK24,Semifinal,2,AINTRACHUPONGSE,10,0
IBK24,Semifinal,3,AINTRACHUPONGSE,9.5,0
IBK24,Semifinal,4,AINTRACHUPONGSE,24.6,1
IBK24,Semifinal,1,TNARASAKI,10,0
IBK24,Semifinal,2,TNARASAKI,9.9,0
IBK24,Semifinal,3,TNARASAKI,9.6,0
IBK24,Semifinal,4,TNARASAKI,24.5,1
IBK24,Semifinal,1,YFUJIWAKI,10,0
IBK24,Semifinal,2,YFUJIWAKI,9.9,0
IBK24,Semifinal,3,YFUJIWAKI,25,1
IBK24,Semifinal,4,YFUJIWAKI,0,0
IBK24,Semifinal,1,SYOSHIDA,24.8,1
IBK24,Semifinal,2,SYOSHIDA,9.8,0
IBK24,Semifinal,3,SYOSHIDA,9.9,0
IBK24,Semifinal,4,SYOSHIDA,0,0
IBK24,Semifinal,1,APEHARC,24.8,1
IBK24,Semifinal,2,APEHARC,9.9,0
IBK24,Semifinal,3,APEHARC,9.7,0
IBK24,Semifinal,4,APEHARC,0,0
IBK24,Semifinal,1,GVEZONIK,24.9,1
IBK24,Semifinal,2,GVEZONIK,9.9,0
IBK24,Semifinal,3,GVEZONIK,0,0
IBK24,Semifinal,4,GVEZONIK,0,0
IBK24,Semifinal,1,TLEMAGNER,10,0
IBK24,Semifinal,2,TLEMAGNER,10,0
IBK24,Semifinal,3,TLEMAGNER,10,0
IBK24,Semifinal,4,TLEMAGNER,0,0
IBK24,Semifinal,1,CDUFFY,10,0
IBK24,Semifinal,2,CDUFFY,9.8,0
IBK24,Semifinal,3,CDUFFY,9.8,0
IBK24,Semifinal,4,CDUFFY,0,0
IBK24,Semifinal,1,DAKHTAR,10,0
IBK24,Semifinal,2,DAKHTAR,10,0
IBK24,Semifinal,3,DAKHTAR,0,0
IBK24,Semifinal,4,DAKHTAR,0,0
IBK24,Semifinal,1,SRICHARD,9.8,0
IBK24,Semifinal,2,SRICHARD,9.9,0
IBK24,Semifinal,3,SRICHARD,0,0
IBK24,Semifinal,4,SRICHARD,0,0
IBK24,Semifinal,1,GFRANGANILLO,9.8,0
IBK24,Semifinal,2,GFRANGANILLO,9.8,0
IBK24,Semifinal,3,GFRANGANILLO,0,0
IBK24,Semifinal,4,GFRANGANILLO,0,0
IBK24,Semifinal,1,JHU,10,0
IBK24,Semifinal,2,JHU,9.2,0
IBK24,Semifinal,3,JHU,0,0
IBK24,Semifinal,4,JHU,0,0
IBK24,Semifinal,1,YCHON,9.9,0
IBK24,Semifinal,2,YCHON,0,0
IBK24,Semifinal,3,YCHON,0,0
IBK24,Semifinal,4,YCHON,0,0
IBK24,Final,1,SAMAGASA,24.9,1
IBK24,Final,2,SAMAGASA,0,0
IBK24,Final,3,SAMAGASA,24.9,1
IBK24,Final,4,SAMAGASA,24.7,1
IBK24,Final,1,MNARASAKI,24.8,1
IBK24,Final,2,MNARASAKI,0,0
IBK24,Final,3,MNARASAKI,24.8,1
IBK24,Final,4,MNARASAKI,24.6,1
IBK24,Final,1,SANRAKU,25,1
IBK24,Final,2,SANRAKU,0,0
IBK24,Final,3,SANRAKU,25,1
IBK24,Final,4,SANRAKU,10,0
IBK24,Final,1,TROBERTS,24.8,1
IBK24,Final,2,TROBERTS,0,0
IBK24,Final,3,TROBERTS,25,1
IBK24,Final,4,TROBERTS,0,0
IBK24,Final,1,EKRUGER,24.3,1
IBK24,Final,2,EKRUGER,10,0
IBK24,Final,3,EKRUGER,9.7,0
IBK24,Final,4,EKRUGER,0,0
IBK24,Final,1,RKAYOTANI,9.4,0
IBK24,Final,2,RKAYOTANI,9.4,0
IBK24,Final,3,RKAYOTANI,9.1,0
IBK24,Final,4,RKAYOTANI,0,0
PRA24,Semifinal,1,SANRAKU,24.6,1
PRA24,Semifinal,2,SANRAKU,24.9,1
PRA24,Semifinal,3,SANRAKU,24.7,1
PRA24,Semifinal,4,SANRAKU,24.7,1
PRA24,Semifinal,1,TNARASAKI,24.7,1
PRA24,Semifinal,2,TNARASAKI,24.8,1
PRA24,Semifinal,3,TNARASAKI,24.6,1
PRA24,Semifinal,4,TNARASAKI,24.7,1
PRA24,Semifinal,1,DLEE,25,1
PRA24,Semifinal,2,DLEE,25,1
PRA24,Semifinal,3,DLEE,24.7,1
PRA24,Semifinal,4,DLEE,9.8,0
PRA24,Semifinal,1,TROBERTS,25,1
PRA24,Semifinal,2,TROBERTS,24.7,1
PRA24,Semifinal,3,TROBERTS,24.7,1
PRA24,Semifinal,4,TROBERTS,9.2,0
PRA24,Semifinal,1,MCORNU,25,1
PRA24,Semifinal,2,MCORNU,24.8,1
PRA24,Semifinal,3,MCORNU,0,0
PRA24,Semifinal,4,MCORNU,24.7,1
PRA24,Semifinal,1,AONDRA,24.9,1
PRA24,Semifinal,2,AONDRA,24.7,1
PRA24,Semifinal,3,AONDRA,0,0
PRA24,Semifinal,4,AONDRA,24.6,1
PRA24,Semifinal,1,ASHAHAR,25,1
PRA24,Semifinal,2,ASHAHAR,9.7,0
PRA24,Semifinal,3,ASHAHAR,25,1
PRA24,Semifinal,4,ASHAHAR,9.4,0
PRA24,Semifinal,1,MMILNE,9.9,0
PRA24,Semifinal,2,MMILNE,24.9,1
PRA24,Semifinal,3,MMILNE,25,1
PRA24,Semifinal,4,MMILNE,9.9,0
PRA24,Semifinal,1,SRICHARD,25,1
PRA24,Semifinal,2,SRICHARD,24.8,1
PRA24,Semifinal,3,SRICHARD,9.8,0
PRA24,Semifinal,4,SRICHARD,9.7,0
PRA24,Semifinal,1,MSCHALCK,24.7,1
PRA24,Semifinal,2,MSCHALCK,24.7,1
PRA24,Semifinal,3,MSCHALCK,0,0
PRA24,Semifinal,4,MSCHALCK,9.3,0
PRA24,Semifinal,1,SAVEZOU,25,1
PRA24,Semifinal,2,SAVEZOU,24.9,1
PRA24,Semifinal,3,SAVEZOU,0,0
PRA24,Semifinal,4,SAVEZOU,0,0
PRA24,Semifinal,1,JCHON,24.9,1
PRA24,Semifinal,2,JCHON,24.9,1
PRA24,Semifinal,3,JCHON,0,0
PRA24,Semifinal,4,JCHON,0,0
PRA24,Semifinal,1,RKAYOTANI,25,1
PRA24,Semifinal,2,RKAYOTANI,9.3,0
PRA24,Semifinal,3,RKAYOTANI,10,0
PRA24,Semifinal,4,RKAYOTANI,9.8,0
PRA24,Semifinal,1,MNARASAKI,24.9,1
PRA24,Semifinal,2,MNARASAKI,0,0
PRA24,Semifinal,3,MNARASAKI,10,0
PRA24,Semifinal,4,MNARASAKI,9.1,0
PRA24,Semifinal,1,APEHARC,24.8,1
PRA24,Semifinal,2,APEHARC,0,0
PRA24,Semifinal,3,APEHARC,9.8,0
PRA24,Semifinal,4,APEHARC,9,0
PRA24,Semifinal,1,YFUJIWAKI,0,0
PRA24,Semifinal,2,YFUJIWAKI,24.3,1
PRA24,Semifinal,3,YFUJIWAKI,0,0
PRA24,Semifinal,4,YFUJIWAKI,9.3,0
PRA24,Semifinal,1,NSARTIRANA,24.9,1
PRA24,Semifinal,2,NSARTIRANA,0,0
PRA24,Semifinal,3,NSARTIRANA,0,0
PRA24,Semifinal,4,NSARTIRANA,0,0
PRA24,Semifinal,1,NUZNIK,10,0
PRA24,Semifinal,2,NUZNIK,0,0
PRA24,Semifinal,3,NUZNIK,9.8,0
PRA24,Semifinal,4,NUZNIK,9.3,0
PRA24,Semifinal,1,MKLEESATTEL,9.7,0
PRA24,Semifinal,2,MKLEESATTEL,0,0
PRA24,Semifinal,3,MKLEESATTEL,0,0
PRA24,Semifinal,4,MKLEESATTEL,9,0
PRA24,Semifinal,1,RLEVIN,0,0
PRA24,Semifinal,2,RLEVIN,0,0
PRA24,Semifinal,3,RLEVIN,0,0
PRA24,Semifinal,4,RLEVIN,0,0
PRA24,Final,1,DLEE,25,1
PRA24,Final,2,DLEE,9.7,0
PRA24,Final,3,DLEE,8.8,0
PRA24,Final,4,DLEE,24.9,1
PRA24,Final,1,MCORNU,24.9,1
PRA24,Final,2,MCORNU,9.3,0
PRA24,Final,3,MCORNU,0,0
PRA24,Final,4,MCORNU,24.8,1
PRA24,Final,1,TROBERTS,24.6,1
PRA24,Final,2,TROBERTS,0,0
PRA24,Final,3,TROBERTS,0,0
PRA24,Final,4,TROBERTS,25,1
PRA24,Final,1,SANRAKU,25,1
PRA24,Final,2,SANRAKU,10,0
PRA24,Final,3,SANRAKU,9.5,0
PRA24,Final,4,SANRAKU,10,0
PRA24,Final,1,TNARASAKI,24.7,1
PRA24,Final,2,TNARASAKI,9.9,0
PRA24,Final,3,TNARASAKI,9.8,0
PRA24,Final,4,TNARASAKI,10,0
PRA24,Final,1,AONDRA,10,0
PRA24,Final,2,AONDRA,9.6,0
PRA24,Final,3,AONDRA,0,0
PRA24,Final,4,AONDRA,25,1
SEO24,Semifinal,1,MNARASAKI,25,1
SEO24,Semifinal,2,MNARASAKI,24.7,1
SEO24,Semifinal,3,MNARASAKI,24.8,1
SEO24,Semifinal,4,MNARASAKI,25,1
SEO24,Semifinal,1,SAMAGASA,24.3,1
SEO24,Semifinal,2,SAMAGASA,24.6,1
SEO24,Semifinal,3,SAMAGASA,24.6,1
SEO24,Semifinal,4,SAMAGASA,24.8,1
SEO24,Semifinal,1,MMILNE,24.9,1
SEO24,Semifinal,2,MMILNE,10,0
SEO24,Semifinal,3,MMILNE,24.9,1
SEO24,Semifinal,4,MMILNE,25,1
SEO24,Semifinal,1,JCHON,9.7,0
SEO24,Semifinal,2,JCHON,24.7,1
SEO24,Semifinal,3,JCHON,25,1
SEO24,Semifinal,4,JCHON,25,1
SEO24,Semifinal,1,DAKHTAR,9.3,0
SEO24,Semifinal,2,DAKHTAR,24.9,1
SEO24,Semifinal,3,DAKHTAR,24.9,1
SEO24,Semifinal,4,DAKHTAR,24.9,1
SEO24,Semifinal,1,DLEE,24.6,1
SEO24,Semifinal,2,DLEE,10,0
SEO24,Semifinal,3,DLEE,25,1
SEO24,Semifinal,4,DLEE,25,1
SEO24,Semifinal,1,PJENFT,24.8,1
SEO24,Semifinal,2,PJENFT,25,1
SEO24,Semifinal,3,PJENFT,24.8,1
SEO24,Semifinal,4,PJENFT,9.9,0
SEO24,Semifinal,1,MSCHALCK,9.8,0
SEO24,Semifinal,2,MSCHALCK,24.6,1
SEO24,Semifinal,3,MSCHALCK,25,1
SEO24,Semifinal,4,MSCHALCK,25,1
SEO24,Semifinal,1,RKAYOTANI,24.5,1
SEO24,Semifinal,2,RKAYOTANI,10,0
SEO24,Semifinal,3,RKAYOTANI,25,1
SEO24,Semifinal,4,RKAYOTANI,25,1
SEO24,Semifinal,1,TNARASAKI,24.6,1
SEO24,Semifinal,2,TNARASAKI,9.9,0
SEO24,Semifinal,3,TNARASAKI,25,1
SEO24,Semifinal,4,TNARASAKI,24.8,1
SEO24,Semifinal,1,TLEMAGNER,24.2,1
SEO24,Semifinal,2,TLEMAGNER,0,0
SEO24,Semifinal,3,TLEMAGNER,24.9,1
SEO24,Semifinal,4,TLEMAGNER,25,1
SEO24,Semifinal,1,CBARRON,24.8,1
SEO24,Semifinal,2,CBARRON,10,0
SEO24,Semifinal,3,CBARRON,24.7,1
SEO24,Semifinal,4,CBARRON,9.9,0
SEO24,Semifinal,1,ASHAHAR,9.9,0
SEO24,Semifinal,2,ASHAHAR,24.7,1
SEO24,Semifinal,3,ASHAHAR,24.8,1
SEO24,Semifinal,4,ASHAHAR,9.9,0
SEO24,Semifinal,1,SANRAKU,0,0
SEO24,Semifinal,2,SANRAKU,10,0
SEO24,Semifinal,3,SANRAKU,25,1
SEO24,Semifinal,4,SANRAKU,25,1
SEO24,Semifinal,1,SAVEZOU,9.9,0
SEO24,Semifinal,2,SAVEZOU,0,0
SEO24,Semifinal,3,SAVEZOU,24.9,1
SEO24,Semifinal,4,SAVEZOU,24.7,1
SEO24,Semifinal,1,JCLEMENCE,24.3,1
SEO24,Semifinal,2,JCLEMENCE,10,0
SEO24,Semifinal,3,JCLEMENCE,25,1
SEO24,Semifinal,4,JCLEMENCE,0,0
SEO24,Semifinal,1,APEHARC,9.5,0
SEO24,Semifinal,2,APEHARC,10,0
SEO24,Semifinal,3,APEHARC,24.9,1
SEO24,Semifinal,4,APEHARC,10,0
SEO24,Semifinal,1,TROMSAK,24.6,1
SEO24,Semifinal,2,TROMSAK,9.8,0
SEO24,Semifinal,3,TROMSAK,9.9,0
SEO24,Semifinal,4,TROMSAK,10,0
SEO24,Semifinal,1,YFUJIWAKI,9,0
SEO24,Semifinal,2,YFUJIWAKI,9.9,0
SEO24,Semifinal,3,YFUJIWAKI,24.7,1
SEO24,Semifinal,4,YFUJIWAKI,0,0
SEO24,Semifinal,1,MCORNU,9.9,0
SEO24,Semifinal,2,MCORNU,9.6,0
SEO24,Semifinal,3,MCORNU,9.8,0
SEO24,Semifinal,4,MCORNU,0,0
SEO24,Final,1,DLEE,24.8,1
SEO24,Final,2,DLEE,25,1
SEO24,Final,3,DLEE,10,0
SEO24,Final,4,DLEE,10,0
SEO24,Final,1,MMILNE,25,1
SEO24,Final,2,MMILNE,10,0
SEO24,Final,3,MMILNE,10,0
SEO24,Final,4,MMILNE,24.8,1
SEO24,Final,1,SAMAGASA,9.9,0
SEO24,Final,2,SAMAGASA,9.8,0
SEO24,Final,3,SAMAGASA,10,0
SEO24,Final,4,SAMAGASA,10,0
SEO24,Final,1,DAKHTAR,10,0
SEO24,Final,2,DAKHTAR,9.9,0
SEO24,Final,3,DAKHTAR,0,0
SEO24,Final,4,DAKHTAR,10,0
SEO24,Final,1,JCHON,10,0
SEO24,Final,2,JCHON,0,0
SEO24,Final,3,JCHON,9.8,0
SEO24,Final,4,JCHON,10,0
SEO24,Final,1,MNARASAKI,10,0
SEO24,Final,2,MNARASAKI,9.6,0
SEO24,Final,3,MNARASAKI,0,0
SEO24,Final,4,MNARASAKI,10,0
KEQ25,Semifinal,1,DLEE,24.6,1
KEQ25,Semifinal,2,DLEE,24.8,1
KEQ25,Semifinal,3,DLEE,25,1
KEQ25,Semifinal,4,DLEE,24.9,1
KEQ25,Semifinal,1,SANRAKU,24.9,1
KEQ25,Semifinal,2,SANRAKU,24.9,1
KEQ25,Semifinal,3,SANRAKU,25,1
KEQ25,Semifinal,4,SANRAKU,9.6,0
KEQ25,Semifinal,1,MSCHALCK,24.5,1
KEQ25,Semifinal,2,MSCHALCK,25,1
KEQ25,Semifinal,3,MSCHALCK,9.9,0
KEQ25,Semifinal,4,MSCHALCK,9.9,0
KEQ25,Semifinal,1,OPRIHED,24.7,1
KEQ25,Semifinal,2,OPRIHED,24.8,1
KEQ25,Semifinal,3,OPRIHED,10,0
KEQ25,Semifinal,4,OPRIHED,9.6,0
KEQ25,Semifinal,1,SAVEZOU,24.4,1
KEQ25,Semifinal,2,SAVEZOU,10,0
KEQ25,Semifinal,3,SAVEZOU,10,0
KEQ25,Semifinal,4,SAVEZOU,24.4,1
KEQ25,Semifinal,1,MNARASAKI,24.7,1
KEQ25,Semifinal,2,MNARASAKI,9.4,0
KEQ25,Semifinal,3,MNARASAKI,9.6,0
KEQ25,Semifinal,4,MNARASAKI,24.6,1
KEQ25,Semifinal,1,TNARASAKI,24.4,1
KEQ25,Semifinal,2,TNARASAKI,25,1
KEQ25,Semifinal,3,TNARASAKI,10,0
KEQ25,Semifinal,4,TNARASAKI,0,0
KEQ25,Semifinal,1,PJENFT,24.9,1
KEQ25,Semifinal,2,PJENFT,9.8,0
KEQ25,Semifinal,3,PJENFT,0,0
KEQ25,Semifinal,4,PJENFT,24.7,1
KEQ25,Semifinal,1,SAMAGASA,24.4,1
KEQ25,Semifinal,2,SAMAGASA,24.9,1
KEQ25,Semifinal,3,SAMAGASA,10,0
KEQ25,Semifinal,4,SAMAGASA,0,0
KEQ25,Semifinal,1,DAKHTAR,9.4,0
KEQ25,Semifinal,2,DAKHTAR,24.8,1
KEQ25,Semifinal,3,DAKHTAR,24.9,1
KEQ25,Semifinal,4,DAKHTAR,0,0
KEQ25,Semifinal,1,RSUGIMOTO,10,0
KEQ25,Semifinal,2,RSUGIMOTO,24.8,1
KEQ25,Semifinal,3,RSUGIMOTO,10,0
KEQ25,Semifinal,4,RSUGIMOTO,0,0
KEQ25,Semifinal,1,TBLOEM,24.9,1
KEQ25,Semifinal,2,TBLOEM,10,0
KEQ25,Semifinal,3,TBLOEM,0,0
KEQ25,Semifinal,4,TBLOEM,9.5,0
KEQ25,Semifinal,1,LFAVOT,24,1
KEQ25,Semifinal,2,LFAVOT,10,0
KEQ25,Semifinal,3,LFAVOT,0,0
KEQ25,Semifinal,4,LFAVOT,9.5,0
KEQ25,Semifinal,1,ZXU,24.1,1
KEQ25,Semifinal,2,ZXU,9.9,0
KEQ25,Semifinal,3,ZXU,0,0
KEQ25,Semifinal,4,ZXU,9.4,0
KEQ25,Semifinal,1,TROBERTS,9.9,0
KEQ25,Semifinal,2,TROBERTS,9.8,0
KEQ25,Semifinal,3,TROBERTS,10,0
KEQ25,Semifinal,4,TROBERTS,9.8,0
KEQ25,Semifinal,1,APEHARC,9.6,0
KEQ25,Semifinal,2,APEHARC,10,0
KEQ25,Semifinal,3,APEHARC,9.9,0
KEQ25,Semifinal,4,APEHARC,8.9,0
KEQ25,Semifinal,1,JPOSCH,9.2,0
KEQ25,Semifinal,2,JPOSCH,10,0
KEQ25,Semifinal,3,JPOSCH,9.8,0
KEQ25,Semifinal,4,JPOSCH,9.2,0
KEQ25,Semifinal,1,CDUFFY,24.4,1
KEQ25,Semifinal,2,CDUFFY,0,0
KEQ25,Semifinal,3,CDUFFY,10,0
KEQ25,Semifinal,4,CDUFFY,0,0
KEQ25,Semifinal,1,NRUSEV,9.7,0
KEQ25,Semifinal,2,NRUSEV,24.7,1
KEQ25,Semifinal,3,NRUSEV,0,0
KEQ25,Semifinal,4,NRUSEV,0,0
KEQ25,Semifinal,1,YFUJIWAKI,9.9,0
KEQ25,Semifinal,2,YFUJIWAKI,0,0
KEQ25,Semifinal,3,YFUJIWAKI,10,0
KEQ25,Semifinal,4,YFUJIWAKI,9.7,0
KEQ25,Semifinal,1,BHANNA,0,0
KEQ25,Semifinal,2,BHANNA,25,1
KEQ25,Semifinal,3,BHANNA,0,0
KEQ25,Semifinal,4,BHANNA,0,0
KEQ25,Semifinal,1,ZWALLER,24.5,1
KEQ25,Semifinal,2,ZWALLER,0,0
KEQ25,Semifinal,3,ZWALLER,0,0
KEQ25,Semifinal,4,ZWALLER,0,0
KEQ25,Semifinal,1,JFU,9.6,0
KEQ25,Semifinal,2,JFU,9.9,0
KEQ25,Semifinal,3,JFU,0,0
KEQ25,Semifinal,4,JFU,0,0
KEQ25,Semifinal,1,HDUYSEN,0,0
KEQ25,Semifinal,2,HDUYSEN,0,0
KEQ25,Semifinal,3,HDUYSEN,10,0
KEQ25,Semifinal,4,HDUYSEN,0,0
KEQ25,Final,1,SANRAKU,24.9,1
KEQ25,Final,2,SANRAKU,24.9,1
KEQ25,Final,3,SANRAKU,24.9,1
KEQ25,Final,4,SANRAKU,25,1
KEQ25,Final,1,DLEE,25,1
KEQ25,Final,2,DLEE,24.7,1
KEQ25,Final,3,DLEE,24.8,1
KEQ25,Final,4,DLEE,24.8,1
KEQ25,Final,1,MNARASAKI,25,1
KEQ25,Final,2,MNARASAKI,24.4,1
KEQ25,Final,3,MNARASAKI,24.5,1
KEQ25,Final,4,MNARASAKI,10,0
KEQ25,Final,1,TNARASAKI,25,1
KEQ25,Final,2,TNARASAKI,9.9,0
KEQ25,Final,3,TNARASAKI,10,0
KEQ25,Final,4,TNARASAKI,24.7,1
KEQ25,Final,1,MSCHALCK,9.8,0
KEQ25,Final,2,MSCHALCK,9.8,0
KEQ25,Final,3,MSCHALCK,24.9,1
KEQ25,Final,4,MSCHALCK,25,1
KEQ25,Final,1,SAVEZOU,10,0
KEQ25,Final,2,SAVEZOU,9.8,0
KEQ25,Final,3,SAVEZOU,24.7,1
KEQ25,Final,4,SAVEZOU,25,1
KEQ25,Final,1,PJENFT,10,0
KEQ25,Final,2,PJENFT,9.8,0
KEQ25,Final,3,PJENFT,24.8,1
KEQ25,Final,4,PJENFT,0,0
KEQ25,Final,1,OPRIHED,9.7,0
KEQ25,Final,2,OPRIHED,0,0
KEQ25,Final,3,OPRIHED,10,0
KEQ25,Final,4,OPRIHED,10,0
CUR25,Semifinal,1,SANRAKU,25,1
CUR25,Semifinal,2,SANRAKU,24.9,1
CUR25,Semifinal,3,SANRAKU,24.9,1
CUR25,Semifinal,4,SANRAKU,24.8,1
CUR25,Semifinal,1,TNARASAKI,25,1
CUR25,Semifinal,2,TNARASAKI,25,1
CUR25,Semifinal,3,TNARASAKI,25,1
CUR25,Semifinal,4,TNARASAKI,9.9,0
CUR25,Semifinal,1,MSCHALCK,24.6,1
CUR25,Semifinal,2,MSCHALCK,24.8,1
CUR25,Semifinal,3,MSCHALCK,24.9,1
CUR25,Semifinal,4,MSCHALCK,9.6,0
CUR25,Semifinal,1,JPOSCH,9.7,0
CUR25,Semifinal,2,JPOSCH,24.3,1
CUR25,Semifinal,3,JPOSCH,24.8,1
CUR25,Semifinal,4,JPOSCH,9.7,0
CUR25,Semifinal,1,APEHARC,24.7,1
CUR25,Semifinal,2,APEHARC,0,0
CUR25,Semifinal,3,APEHARC,24.8,1
CUR25,Semifinal,4,APEHARC,9.9,0
CUR25,Semifinal,1,SAMAGASA,0,0
CUR25,Semifinal,2,SAMAGASA,24.9,1
CUR25,Semifinal,3,SAMAGASA,24.7,1
CUR25,Semifinal,4,SAMAGASA,9.6,0
CUR25,Semifinal,1,YFUJIWAKI,24.5,1
CUR25,Semifinal,2,YFUJIWAKI,24.9,1
CUR25,Semifinal,3,YFUJIWAKI,9.5,0
CUR25,Semifinal,4,YFUJIWAKI,0,0
CUR25,Semifinal,1,PJENFT,10,0
CUR25,Semifinal,2,PJENFT,10,0
CUR25,Semifinal,3,PJENFT,25,1
CUR25,Semifinal,4,PJENFT,9.9,0
CUR25,Semifinal,1,MNARASAKI,25,1
CUR25,Semifinal,2,MNARASAKI,9.4,0
CUR25,Semifinal,3,MNARASAKI,9.8,0
CUR25,Semifinal,4,MNARASAKI,9.9,0
CUR25,Semifinal,1,ALEMAIRE,25,1
CUR25,Semifinal,2,ALEMAIRE,9.6,0
CUR25,Semifinal,3,ALEMAIRE,9.8,0
CUR25,Semifinal,4,ALEMAIRE,0,0
CUR25,Semifinal,1,JWIMMER,24.7,1
CUR25,Semifinal,2,JWIMMER,9.9,0
CUR25,Semifinal,3,JWIMMER,9.8,0
CUR25,Semifinal,4,JWIMMER,0,0
CUR25,Semifinal,1,JCHON,0,0
CUR25,Semifinal,2,JCHON,9.9,0
CUR25,Semifinal,3,JCHON,24.9,1
CUR25,Semifinal,4,JCHON,0,0
CUR25,Semifinal,1,NCOLLIN,9.9,0
CUR25,Semifinal,2,NCOLLIN,0,0
CUR25,Semifinal,3,NCOLLIN,24.8,1
CUR25,Semifinal,4,NCOLLIN,0,0
CUR25,Semifinal,1,TLEMAGNER,0,0
CUR25,Semifinal,2,TLEMAGNER,9.8,0
CUR25,Semifinal,3,TLEMAGNER,24.5,1
CUR25,Semifinal,4,TLEMAGNER,0,0
CUR25,Semifinal,1,HDUYSEN,0,0
CUR25,Semifinal,2,HDUYSEN,9.8,0
CUR25,Semifinal,3,HDUYSEN,9.9,0
CUR25,Semifinal,4,HDUYSEN,10,0
CUR25,Semifinal,1,EARRIAGADAKRUGER,0,0
CUR25,Semifinal,2,EARRIAGADAKRUGER,9.7,0
CUR25,Semifinal,3,EARRIAGADAKRUGER,10,0
CUR25,Semifinal,4,EARRIAGADAKRUGER,9.8,0
CUR25,Semifinal,1,NSARTIRANA,10,0
CUR25,Semifinal,2,NSARTIRANA,9.9,0
CUR25,Semifinal,3,NSARTIRANA,0,0
CUR25,Semifinal,4,NSARTIRANA,0,0
CUR25,Semifinal,1,JCLEMENCE,10,0
CUR25,Semifinal,2,JCLEMENCE,0,0
CUR25,Semifinal,3,JCLEMENCE,9.8,0
CUR25,Semifinal,4,JCLEMENCE,0,0
CUR25,Semifinal,1,IFIDEL,9.9,0
CUR25,Semifinal,2,IFIDEL,9.9,0
CUR25,Semifinal,3,IFIDEL,0,0
CUR25,Semifinal,4,IFIDEL,0,0
CUR25,Semifinal,1,LVONFREIER,9.7,0
CUR25,Semifinal,2,LVONFREIER,10,0
CUR25,Semifinal,3,LVONFREIER,0,0
CUR25,Semifinal,4,LVONFREIER,0,0
CUR25,Semifinal,1,LTRANDAFIR,9.8,0
CUR25,Semifinal,2,LTRANDAFIR,9.9,0
CUR25,Semifinal,3,LTRANDAFIR,0,0
CUR25,Semifinal,4,LTRANDAFIR,0,0
CUR25,Semifinal,1,RSUGIMOTO,0,0
CUR25,Semifinal,2,RSUGIMOTO,9.8,0
CUR25,Semifinal,3,RSUGIMOTO,9.8,0
CUR25,Semifinal,4,RSUGIMOTO,0,0
CUR25,Semifinal,1,TWURTHNER,0,0
CUR25,Semifinal,2,TWURTHNER,9.8,0
CUR25,Semifinal,3,TWURTHNER,0,0
CUR25,Semifinal,4,TWURTHNER,0,0
CUR25,Semifinal,1,MKLEESATTEL,9.6,0
CUR25,Semifinal,2,MKLEESATTEL,0,0
CUR25,Semifinal,3,MKLEESATTEL,0,0
CUR25,Semifinal,4,MKLEESATTEL,0,0
CUR25,Semifinal,1,LFAVOT,0,0
CUR25,Semifinal,2,LFAVOT,0,0
CUR25,Semifinal,3,LFAVOT,0,0
CUR25,Semifinal,4,LFAVOT,0,0
CUR25,Final,1,SANRAKU,24.8,1
CUR25,Final,2,SANRAKU,10,0
CUR25,Final,3,SANRAKU,24.9,1
CUR25,Final,4,SANRAKU,10,0
CUR25,Final,1,MSCHALCK,24.7,1
CUR25,Final,2,MSCHALCK,9.6,0
CUR25,Final,3,MSCHALCK,0,0
CUR25,Final,4,MSCHALCK,24.6,1
CUR25,Final,1,TNARASAKI,9.4,0
CUR25,Final,2,TNARASAKI,9.8,0
CUR25,Final,3,TNARASAKI,10,0
CUR25,Final,4,TNARASAKI,9.8,0
CUR25,Final,1,SAMAGASA,0,0
CUR25,Final,2,SAMAGASA,9.9,0
CUR25,Final,3,SAMAGASA,9.8,0
CUR25,Final,4,SAMAGASA,9.8,0
CUR25,Final,1,YFUJIWAKI,9.9,0
CUR25,Final,2,YFUJIWAKI,0,0
CUR25,Final,3,YFUJIWAKI,9.7,0
CUR25,Final,4,YFUJIWAKI,0,0
CUR25,Final,1,APEHARC,0,0
CUR25,Final,2,APEHARC,9.5,0
CUR25,Final,3,APEHARC,9.8,0
CUR25,Final,4,APEHARC,0,0
CUR25,Final,1,PJENFT,9.5,0
CUR25,Final,2,PJENFT,0,0
CUR25,Final,3,PJENFT,0,0
CUR25,Final,4,PJENFT,9.7,0
CUR25,Final,1,JPOSCH,0,0
CUR25,Final,2,JPOSCH,0,0
CUR25,Final,3,JPOSCH,0,0
CUR25,Final,4,JPOSCH,9.3,0
SLC25,Semifinal,1,SANRAKU,9.6,0
SLC25,Semifinal,2,SANRAKU,25,1
SLC25,Semifinal,3,SANRAKU,25,1
SLC25,Semifinal,4,SANRAKU,24.7,1
SLC25,Semifinal,1,DLEE,0,0
SLC25,Semifinal,2,DLEE,25,1
SLC25,Semifinal,3,DLEE,24.7,1
SLC25,Semifinal,4,DLEE,24.8,1
SLC25,Semifinal,1,MSCHALCK,24.7,1
SLC25,Semifinal,2,MSCHALCK,10,0
SLC25,Semifinal,3,MSCHALCK,9.9,0
SLC25,Semifinal,4,MSCHALCK,24.6,1
SLC25,Semifinal,1,YFUJIWAKI,24.5,1
SLC25,Semifinal,2,YFUJIWAKI,9.7,0
SLC25,Semifinal,3,YFUJIWAKI,9.3,0
SLC25,Semifinal,4,YFUJIWAKI,24.2,1
SLC25,Semifinal,1,SAMAGASA,0,0
SLC25,Semifinal,2,SAMAGASA,24.8,1
SLC25,Semifinal,3,SAMAGASA,9.9,0
SLC25,Semifinal,4,SAMAGASA,24.6,1
SLC25,Semifinal,1,RSUGIMOTO,9.7,0
SLC25,Semifinal,2,RSUGIMOTO,24.8,1
SLC25,Semifinal,3,RSUGIMOTO,9.7,0
SLC25,Semifinal,4,RSUGIMOTO,9.6,0
SLC25,Semifinal,1,CDUFFY,0,0
SLC25,Semifinal,2,CDUFFY,25,1
SLC25,Semifinal,3,CDUFFY,24.8,1
SLC25,Semifinal,4,CDUFFY,0,0
SLC25,Semifinal,1,MNARASAKI,0,0
SLC25,Semifinal,2,MNARASAKI,24.9,1
SLC25,Semifinal,3,MNARASAKI,0,0
SLC25,Semifinal,4,MNARASAKI,24.9,1
SLC25,Semifinal,1,HMCARTHUR,24.9,1
SLC25,Semifinal,2,HMCARTHUR,9.8,0
SLC25,Semifinal,3,HMCARTHUR,0,0
SLC25,Semifinal,4,HMCARTHUR,9.8,0
SLC25,Semifinal,1,JMACDOUGALL,9.8,0
SLC25,Semifinal,2,JMACDOUGALL,0,0
SLC25,Semifinal,3,JMACDOUGALL,9.9,0
SLC25,Semifinal,4,JMACDOUGALL,24.6,1
SLC25,Semifinal,1,TNARASAKI,9.6,0
SLC25,Semifinal,2,TNARASAKI,0,0
SLC25,Semifinal,3,TNARASAKI,9.7,0
SLC25,Semifinal,4,TNARASAKI,25,1
SLC25,Semifinal,1,DAKHTAR,24.7,1
SLC25,Semifinal,2,DAKHTAR,9.9,0
SLC25,Semifinal,3,DAKHTAR,0,0
SLC25,Semifinal,4,DAKHTAR,9.4,0
SLC25,Semifinal,1,HDUYSEN,0,0
SLC25,Semifinal,2,HDUYSEN,24.9,1
SLC25,Semifinal,3,HDUYSEN,9.8,0
SLC25,Semifinal,4,HDUYSEN,9.1,0
SLC25,Semifinal,1,PJENFT,0,0
SLC25,Semifinal,2,PJENFT,10,0
SLC25,Semifinal,3,PJENFT,0,0
SLC25,Semifinal,4,PJENFT,25,1
SLC25,Semifinal,1,OBAUDRAND,0,0
SLC25,Semifinal,2,OBAUDRAND,9.9,0
SLC25,Semifinal,3,OBAUDRAND,0,0
SLC25,Semifinal,4,OBAUDRAND,24.5,1
SLC25,Semifinal,1,MMILNE,9.9,0
SLC25,Semifinal,2,MMILNE,9.8,0
SLC25,Semifinal,3,MMILNE,0,0
SLC25,Semifinal,4,MMILNE,0,0
SLC25,Semifinal,1,TLEMAGNER,0,0
SLC25,Semifinal,2,TLEMAGNER,10,0
SLC25,Semifinal,3,TLEMAGNER,9.5,0
SLC25,Semifinal,4,TLEMAGNER,0,0
SLC25,Semifinal,1,APEHARC,0,0
SLC25,Semifinal,2,APEHARC,9.9,0
SLC25,Semifinal,3,APEHARC,9.5,0
SLC25,Semifinal,4,APEHARC,0,0
SLC25,Semifinal,1,NRUSEV,0,0
SLC25,Semifinal,2,NRUSEV,9.8,0
SLC25,Semifinal,3,NRUSEV,0,0
SLC25,Semifinal,4,NRUSEV,0,0
SLC25,Semifinal,1,EARRIAGADAKRUGER,0,0
SLC25,Semifinal,2,EARRIAGADAKRUGER,0,0
SLC25,Semifinal,3,EARRIAGADAKRUGER,0,0
SLC25,Semifinal,4,EARRIAGADAKRUGER,9.6,0
SLC25,Semifinal,1,AINTRACHUPONGSE,0,0
SLC25,Semifinal,2,AINTRACHUPONGSE,0,0
SLC25,Semifinal,3,AINTRACHUPONGSE,9.6,0
SLC25,Semifinal,4,AINTRACHUPONGSE,0,0
SLC25,Semifinal,1,RGRUBER,0,0
SLC25,Semifinal,2,RGRUBER,0,0
SLC25,Semifinal,3,RGRUBER,0,0
SLC25,Semifinal,4,RGRUBER,9.3,0
SLC25,Semifinal,1,ASHAHAR,0,0
SLC25,Semifinal,2,ASHAHAR,0,0
SLC25,Semifinal,3,ASHAHAR,0,0
SLC25,Semifinal,4,ASHAHAR,0,0
SLC25,Semifinal,1,JWIMMER,0,0
SLC25,Semifinal,2,JWIMMER,0,0
SLC25,Semifinal,3,JWIMMER,0,0
SLC25,Semifinal,4,JWIMMER,0,0
SLC25,Final,1,SANRAKU,9.5,0
SLC25,Final,2,SANRAKU,24.9,1
SLC25,Final,3,SANRAKU,25,1
SLC25,Final,4,SANRAKU,25,1
SLC25,Final,1,SAMAGASA,24.9,1
SLC25,Final,2,SAMAGASA,24.8,1
SLC25,Final,3,SAMAGASA,10,0
SLC25,Final,4,SAMAGASA,9.9,0
SLC25,Final,1,DLEE,9.9,0
SLC25,Final,2,DLEE,24.9,1
SLC25,Final,3,DLEE,9.8,0
SLC25,Final,4,DLEE,24.9,1
SLC25,Final,1,CDUFFY,24.9,1
SLC25,Final,2,CDUFFY,24.7,1
SLC25,Final,3,CDUFFY,0,0
SLC25,Final,4,CDUFFY,10,0
SLC25,Final,1,MNARASAKI,10,0
SLC25,Final,2,MNARASAKI,25,1
SLC25,Final,3,MNARASAKI,9.8,0
SLC25,Final,4,MNARASAKI,10,0
SLC25,Final,1,MSCHALCK,10,0
SLC25,Final,2,MSCHALCK,24.9,1
SLC25,Final,3,MSCHALCK,9.6,0
SLC25,Final,4,MSCHALCK,9.9,0
SLC25,Final,1,YFUJIWAKI,9.7,0
SLC25,Final,2,YFUJIWAKI,0,0
SLC25,Final,3,YFUJIWAKI,24.7,1
SLC25,Final,4,YFUJIWAKI,9.9,0
SLC25,Final,1,RSUGIMOTO,9.8,0
SLC25,Final,2,RSUGIMOTO,10,0
SLC25,Final,3,RSUGIMOTO,0,0
SLC25,Final,4,RSUGIMOTO,9.7,0
PRA25,Semifinal,1,SANRAKU,25,1
PRA25,Semifinal,2,SANRAKU,24.6,1
PRA25,Semifinal,3,SANRAKU,24.8,1
PRA25,Semifinal,4,SANRAKU,9.9,0
PRA25,Semifinal,1,MSCHALCK,10,0
PRA25,Semifinal,2,MSCHALCK,25,1
PRA25,Semifinal,3,MSCHALCK,25,1
PRA25,Semifinal,4,MSCHALCK,9.9,0
PRA25,Semifinal,1,SAMAGASA,10,0
PRA25,Semifinal,2,SAMAGASA,24.6,1
PRA25,Semifinal,3,SAMAGASA,25,1
PRA25,Semifinal,4,SAMAGASA,9.9,0
PRA25,Semifinal,1,DLEE,10,0
PRA25,Semifinal,2,DLEE,25,1
PRA25,Semifinal,3,DLEE,24.3,1
PRA25,Semifinal,4,DLEE,10,0
PRA25,Semifinal,1,YPAN,9.9,0
PRA25,Semifinal,2,YPAN,24.9,1
PRA25,Semifinal,3,YPAN,24.6,1
PRA25,Semifinal,4,YPAN,9.6,0
PRA25,Semifinal,1,APEHARC,10,0
PRA25,Semifinal,2,APEHARC,24.5,1
PRA25,Semifinal,3,APEHARC,24.6,1
PRA25,Semifinal,4,APEHARC,0,0
PRA25,Semifinal,1,SRICHARD,10,0
PRA25,Semifinal,2,SRICHARD,9.8,0
PRA25,Semifinal,3,SRICHARD,24.7,1
PRA25,Semifinal,4,SRICHARD,9.5,0
PRA25,Semifinal,1,HDUYSEN,9.9,0
PRA25,Semifinal,2,HDUYSEN,24.8,1
PRA25,Semifinal,3,HDUYSEN,9.8,0
PRA25,Semifinal,4,HDUYSEN,9.1,0
PRA25,Semifinal,1,JMACDOUGALL,0,0
PRA25,Semifinal,2,JMACDOUGALL,24.9,1
PRA25,Semifinal,3,JMACDOUGALL,24.8,1
PRA25,Semifinal,4,JMACDOUGALL,0,0
PRA25,Semifinal,1,AGIRARD,10,0
PRA25,Semifinal,2,AGIRARD,24.8,1
PRA25,Semifinal,3,AGIRARD,10,0
PRA25,Semifinal,4,AGIRARD,0,0
PRA25,Semifinal,1,EARRIAGADAKRUGER,10,0
PRA25,Semifinal,2,EARRIAGADAKRUGER,24.8,1
PRA25,Semifinal,3,EARRIAGADAKRUGER,9.9,0
PRA25,Semifinal,4,EARRIAGADAKRUGER,0,0
PRA25,Semifinal,1,MBERTONE,9.9,0
PRA25,Semifinal,2,MBERTONE,9.7,0
PRA25,Semifinal,3,MBERTONE,25,1
PRA25,Semifinal,4,MBERTONE,0,0
PRA25,Semifinal,1,DSANO,10,0
PRA25,Semifinal,2,DSANO,24.6,1
PRA25,Semifinal,3,DSANO,10,0
PRA25,Semifinal,4,DSANO,0,0
PRA25,Semifinal,1,HMCARTHUR,10,0
PRA25,Semifinal,2,HMCARTHUR,24.5,1
PRA25,Semifinal,3,HMCARTHUR,10,0
PRA25,Semifinal,4,HMCARTHUR,0,0
PRA25,Semifinal,1,ALEMAIRE,0,0
PRA25,Semifinal,2,ALEMAIRE,10,0
PRA25,Semifinal,3,ALEMAIRE,24.7,1
PRA25,Semifinal,4,ALEMAIRE,9.7,0
PRA25,Semifinal,1,AONDRA,9.9,0
PRA25,Semifinal,2,AONDRA,9.7,0
PRA25,Semifinal,3,AONDRA,24.8,1
PRA25,Semifinal,4,AONDRA,0,0
PRA25,Semifinal,1,KYAMAGUCHI,9.9,0
PRA25,Semifinal,2,KYAMAGUCHI,10,0
PRA25,Semifinal,3,KYAMAGUCHI,10,0
PRA25,Semifinal,4,KYAMAGUCHI,9.7,0
PRA25,Semifinal,1,TLEMAGNER,10,0
PRA25,Semifinal,2,TLEMAGNER,9.7,0
PRA25,Semifinal,3,TLEMAGNER,10,0
PRA25,Semifinal,4,TLEMAGNER,9.8,0
PRA25,Semifinal,1,JPOSCH,10,0
PRA25,Semifinal,2,JPOSCH,10,0
PRA25,Semifinal,3,JPOSCH,9.9,0
PRA25,Semifinal,4,JPOSCH,0,0
PRA25,Semifinal,1,TROBERTS,10,0
PRA25,Semifinal,2,TROBERTS,9.5,0
PRA25,Semifinal,3,TROBERTS,10,0
PRA25,Semifinal,4,TROBERTS,0,0
PRA25,Semifinal,1,MREUSA,10,0
PRA25,Semifinal,2,MREUSA,9.7,0
PRA25,Semifinal,3,MREUSA,9.6,0
PRA25,Semifinal,4,MREUSA,0,0
PRA25,Semifinal,1,NUZNIK,10,0
PRA25,Semifinal,2,NUZNIK,0,0
PRA25,Semifinal,3,NUZNIK,9,0
PRA25,Semifinal,4,NUZNIK,10,0
PRA25,Semifinal,1,MMILNE,10,0
PRA25,Semifinal,2,MMILNE,0,0
PRA25,Semifinal,3,MMILNE,10,0
PRA25,Semifinal,4,MMILNE,0,0
PRA25,Semifinal,1,NCOLLIN,10,0
PRA25,Semifinal,2,NCOLLIN,0,0
PRA25,Semifinal,3,NCOLLIN,0,0
PRA25,Semifinal,4,NCOLLIN,9.6,0
PRA25,Semifinal,1,LTRANDAFIR,0,0
PRA25,Semifinal,2,LTRANDAFIR,10,0
PRA25,Semifinal,3,LTRANDAFIR,9.3,0
PRA25,Semifinal,4,LTRANDAFIR,0,0
PRA25,Semifinal,1,LVONFREIER,9.7,0
PRA25,Semifinal,2,LVONFREIER,0,0
PRA25,Semifinal,3,LVONFREIER,0,0
PRA25,Semifinal,4,LVONFREIER,0,0
PRA25,Semifinal,1,JCLEMENCE,0,0
PRA25,Semifinal,2,JCLEMENCE,0,0
PRA25,Semifinal,3,JCLEMENCE,0,0
PRA25,Semifinal,4,JCLEMENCE,0,0
PRA25,Final,1,MSCHALCK,25,1
PRA25,Final,2,MSCHALCK,24.4,1
PRA25,Final,3,MSCHALCK,25,1
PRA25,Final,4,MSCHALCK,24.7,1
PRA25,Final,1,SANRAKU,25,1
PRA25,Final,2,SANRAKU,9.4,0
PRA25,Final,3,SANRAKU,25,1
PRA25,Final,4,SANRAKU,24.7,1
PRA25,Final,1,SRICHARD,24.8,1
PRA25,Final,2,SRICHARD,9.6,0
PRA25,Final,3,SRICHARD,24.8,1
PRA25,Final,4,SRICHARD,24.9,1
PRA25,Final,1,SAMAGASA,25,1
PRA25,Final,2,SAMAGASA,9.5,0
PRA25,Final,3,SAMAGASA,25,1
PRA25,Final,4,SAMAGASA,10,0
PRA25,Final,1,YPAN,24.8,1
PRA25,Final,2,YPAN,9.5,0
PRA25,Final,3,YPAN,24.9,1
PRA25,Final,4,YPAN,10,0
PRA25,Final,1,HDUYSEN,24.8,1
PRA25,Final,2,HDUYSEN,9.3,0
PRA25,Final,3,HDUYSEN,24.9,1
PRA25,Final,4,HDUYSEN,10,0
PRA25,Final,1,DLEE,25,1
PRA25,Final,2,DLEE,0,0
PRA25,Final,3,DLEE,24.9,1
PRA25,Final,4,DLEE,10,0
PRA25,Final,1,APEHARC,24.8,1
PRA25,Final,2,APEHARC,0,0
PRA25,Final,3,APEHARC,9.8,0
PRA25,Final,4,APEHARC,9.6,0
BER25,Semifinal,1,DLEE,24.8,1
BER25,Semifinal,2,DLEE,25,1
BER25,Semifinal,3,DLEE,25,1
BER25,Semifinal,4,DLEE,25,1
BER25,Semifinal,1,SANRAKU,9.9,0
BER25,Semifinal,2,SANRAKU,24.9,1
BER25,Semifinal,3,SANRAKU,24.8,1
BER25,Semifinal,4,SANRAKU,9.8,0
BER25,Semifinal,1,HDUYSEN,24.6,1
BER25,Semifinal,2,HDUYSEN,10,0
BER25,Semifinal,3,HDUYSEN,10,0
BER25,Semifinal,4,HDUYSEN,9.9,0
BER25,Semifinal,1,DAKHTAR,24.8,1
BER25,Semifinal,2,DAKHTAR,0,0
BER25,Semifinal,3,DAKHTAR,24.8,1
BER25,Semifinal,4,DAKHTAR,0,0
BER25,Semifinal,1,PJENFT,24.8,1
BER25,Semifinal,2,PJENFT,0,0
BER25,Semifinal,3,PJENFT,9.6,0
BER25,Semifinal,4,PJENFT,10,0
BER25,Semifinal,1,YPAN,9.6,0
BER25,Semifinal,2,YPAN,0,0
BER25,Semifinal,3,YPAN,24.7,1
BER25,Semifinal,4,YPAN,10,0
BER25,Semifinal,1,MSCHALCK,24.9,1
BER25,Semifinal,2,MSCHALCK,0,0
BER25,Semifinal,3,MSCHALCK,0,0
BER25,Semifinal,4,MSCHALCK,9.3,0
BER25,Semifinal,1,CDUFFY,24.4,1
BER25,Semifinal,2,CDUFFY,0,0
BER25,Semifinal,3,CDUFFY,9.8,0
BER25,Semifinal,4,CDUFFY,0,0
BER25,Semifinal,1,SAMAGASA,9.8,0
BER25,Semifinal,2,SAMAGASA,0,0
BER25,Semifinal,3,SAMAGASA,9.7,0
BER25,Semifinal,4,SAMAGASA,10,0
BER25,Semifinal,1,OPRIHED,24.6,1
BER25,Semifinal,2,OPRIHED,0,0
BER25,Semifinal,3,OPRIHED,0,0
BER25,Semifinal,4,OPRIHED,0,0
BER25,Semifinal,1,GPEINADOFRANGANILLO,24.5,1
BER25,Semifinal,2,GPEINADOFRANGANILLO,0,0
BER25,Semifinal,3,GPEINADOFRANGANILLO,0,0
BER25,Semifinal,4,GPEINADOFRANGANILLO,0,0
BER25,Semifinal,1,TBLOEM,10,0
BER25,Semifinal,2,TBLOEM,0,0
BER25,Semifinal,3,TBLOEM,0,0
BER25,Semifinal,4,TBLOEM,9.7,0
BER25,Semifinal,1,TNARASAKI,10,0
BER25,Semifinal,2,TNARASAKI,0,0
BER25,Semifinal,3,TNARASAKI,0,0
BER25,Semifinal,4,TNARASAKI,9.7,0
BER25,Semifinal,1,JCHON,9.9,0
BER25,Semifinal,2,JCHON,0,0
BER25,Semifinal,3,JCHON,9.7,0
BER25,Semifinal,4,JCHON,0,0
BER25,Semifinal,1,MCORNU,9.7,0
BER25,Semifinal,2,MCORNU,9.8,0
BER25,Semifinal,3,MCORNU,0,0
BER25,Semifinal,4,MCORNU,0,0
BER25,Semifinal,1,APEHARC,9.9,0
BER25,Semifinal,2,APEHARC,0,0
BER25,Semifinal,3,APEHARC,9.6,0
BER25,Semifinal,4,APEHARC,0,0
BER25,Semifinal,1,PBRAND,9.8,0
BER25,Semifinal,2,PBRAND,0,0
BER25,Semifinal,3,PBRAND,9.4,0
BER25,Semifinal,4,PBRAND,0,0
BER25,Semifinal,1,JPOSCH,9.9,0
BER25,Semifinal,2,JPOSCH,0,0
BER25,Semifinal,3,JPOSCH,0,0
BER25,Semifinal,4,JPOSCH,0,0
BER25,Semifinal,1,LVONFREIER,9.8,0
BER25,Semifinal,2,LVONFREIER,0,0
BER25,Semifinal,3,LVONFREIER,0,0
BER25,Semifinal,4,LVONFREIER,0,0
BER25,Semifinal,1,NRUSEV,9.7,0
BER25,Semifinal,2,NRUSEV,0,0
BER25,Semifinal,3,NRUSEV,0,0
BER25,Semifinal,4,NRUSEV,0,0
BER25,Semifinal,1,LSTRAUBHAAR,9.7,0
BER25,Semifinal,2,LSTRAUBHAAR,0,0
BER25,Semifinal,3,LSTRAUBHAAR,0,0
BER25,Semifinal,4,LSTRAUBHAAR,0,0
BER25,Semifinal,1,YSUGIMOTO,9.7,0
BER25,Semifinal,2,YSUGIMOTO,0,0
BER25,Semifinal,3,YSUGIMOTO,0,0
BER25,Semifinal,4,YSUGIMOTO,0,0
BER25,Semifinal,1,JWIMMER,9.6,0
BER25,Semifinal,2,JWIMMER,0,0
BER25,Semifinal,3,JWIMMER,0,0
BER25,Semifinal,4,JWIMMER,0,0
BER25,Semifinal,1,YFLOHE,9.1,0
BER25,Semifinal,2,YFLOHE,0,0
BER25,Semifinal,3,YFLOHE,0,0
BER25,Semifinal,4,YFLOHE,0,0
BER25,Final,1,YPAN,24.6,1
BER25,Final,2,YPAN,10,0
BER25,Final,3,YPAN,24.7,1
BER25,Final,4,YPAN,24.9,1
BER25,Final,1,MSCHALCK,24.6,1
BER25,Final,2,MSCHALCK,24.6,1
BER25,Final,3,MSCHALCK,24.9,1
BER25,Final,4,MSCHALCK,10,0
BER25,Final,1,SANRAKU,24.5,1
BER25,Final,2,SANRAKU,24.5,1
BER25,Final,3,SANRAKU,9.8,0
BER25,Final,4,SANRAKU,24.9,1
BER25,Final,1,DLEE,24.9,1
BER25,Final,2,DLEE,9.9,0
BER25,Final,3,DLEE,9.7,0
BER25,Final,4,DLEE,10,0
BER25,Final,1,HDUYSEN,10,0
BER25,Final,2,HDUYSEN,9.7,0
BER25,Final,3,HDUYSEN,9.7,0
BER25,Final,4,HDUYSEN,25,1
BER25,Final,1,PJENFT,10,0
BER25,Final,2,PJENFT,9.6,0
BER25,Final,3,PJENFT,0,0
BER25,Final,4,PJENFT,9.8,0
BER25,Final,1,CDUFFY,0,0
BER25,Final,2,CDUFFY,9.9,0
BER25,Final,3,CDUFFY,0,0
BER25,Final,4,CDUFFY,9.9,0
BER25,Final,1,DAKHTAR,9.6,0
BER25,Final,2,DAKHTAR,9.8,0
BER25,Final,3,DAKHTAR,0,0
BER25,Final,4,DAKHTAR,0,0
IBK25,Semifinal,1,SANRAKU,25,1
IBK25,Semifinal,2,SANRAKU,24.9,1
IBK25,Semifinal,3,SANRAKU,10,0
IBK25,Semifinal,4,SANRAKU,24.9,1
IBK25,Semifinal,1,DLEE,9.9,0
IBK25,Semifinal,2,DLEE,24.7,1
IBK25,Semifinal,3,DLEE,24.9,1
IBK25,Semifinal,4,DLEE,25,1
IBK25,Semifinal,1,MSCHALCK,9.9,0
IBK25,Semifinal,2,MSCHALCK,24.7,1
IBK25,Semifinal,3,MSCHALCK,9.9,0
IBK25,Semifinal,4,MSCHALCK,10,0
IBK25,Semifinal,1,SAMAGASA,9.9,0
IBK25,Semifinal,2,SAMAGASA,9.9,0
IBK25,Semifinal,3,SAMAGASA,9.9,0
IBK25,Semifinal,4,SAMAGASA,24.7,1
IBK25,Semifinal,1,TROBERTS,24.7,1
IBK25,Semifinal,2,TROBERTS,10,0
IBK25,Semifinal,3,TROBERTS,9.9,0
IBK25,Semifinal,4,TROBERTS,9.5,0
IBK25,Semifinal,1,MMILNE,9.9,0
IBK25,Semifinal,2,MMILNE,10,0
IBK25,Semifinal,3,MMILNE,0,0
IBK25,Semifinal,4,MMILNE,25,1
IBK25,Semifinal,1,HDUYSEN,9.9,0
IBK25,Semifinal,2,HDUYSEN,10,0
IBK25,Semifinal,3,HDUYSEN,9.9,0
IBK25,Semifinal,4,HDUYSEN,10,0
IBK25,Semifinal,1,NUZNIK,9.8,0
IBK25,Semifinal,2,NUZNIK,10,0
IBK25,Semifinal,3,NUZNIK,10,0
IBK25,Semifinal,4,NUZNIK,10,0
IBK25,Semifinal,1,APEHARC,9.9,0
IBK25,Semifinal,2,APEHARC,10,0
IBK25,Semifinal,3,APEHARC,9.9,0
IBK25,Semifinal,4,APEHARC,9.9,0
IBK25,Semifinal,1,LMOKROLUSKY,10,0
IBK25,Semifinal,2,LMOKROLUSKY,10,0
IBK25,Semifinal,3,LMOKROLUSKY,9.7,0
IBK25,Semifinal,4,LMOKROLUSKY,9.9,0
IBK25,Semifinal,1,YSUGIMOTO,9.8,0
IBK25,Semifinal,2,YSUGIMOTO,10,0
IBK25,Semifinal,3,YSUGIMOTO,9.9,0
IBK25,Semifinal,4,YSUGIMOTO,9.9,0
IBK25,Semifinal,1,PJENFT,10,0
IBK25,Semifinal,2,PJENFT,10,0
IBK25,Semifinal,3,PJENFT,10,0
IBK25,Semifinal,4,PJENFT,9.5,0
IBK25,Semifinal,1,DAKHTAR,9.4,0
IBK25,Semifinal,2,DAKHTAR,10,0
IBK25,Semifinal,3,DAKHTAR,10,0
IBK25,Semifinal,4,DAKHTAR,9.9,0
IBK25,Semifinal,1,MNARASAKI,9.9,0
IBK25,Semifinal,2,MNARASAKI,10,0
IBK25,Semifinal,3,MNARASAKI,9.8,0
IBK25,Semifinal,4,MNARASAKI,9.5,0
IBK25,Semifinal,1,CCHAN,9.6,0
IBK25,Semifinal,2,CCHAN,10,0
IBK25,Semifinal,3,CCHAN,9.7,0
IBK25,Semifinal,4,CCHAN,9.8,0
IBK25,Semifinal,1,CDUFFY,0,0
IBK25,Semifinal,2,CDUFFY,24.6,1
IBK25,Semifinal,3,CDUFFY,0,0
IBK25,Semifinal,4,CDUFFY,9.9,0
IBK25,Semifinal,1,JMACDOUGALL,9.9,0
IBK25,Semifinal,2,JMACDOUGALL,9.9,0
IBK25,Semifinal,3,JMACDOUGALL,10,0
IBK25,Semifinal,4,JMACDOUGALL,0,0
IBK25,Semifinal,1,YPAN,9.9,0
IBK25,Semifinal,2,YPAN,10,0
IBK25,Semifinal,3,YPAN,0,0
IBK25,Semifinal,4,YPAN,9.9,0
IBK25,Semifinal,1,LBOLDRINI,9.9,0
IBK25,Semifinal,2,LBOLDRINI,10,0
IBK25,Semifinal,3,LBOLDRINI,0,0
IBK25,Semifinal,4,LBOLDRINI,9.8,0
IBK25,Semifinal,1,GPEINADOFRANGANILLO,9.7,0
IBK25,Semifinal,2,GPEINADOFRANGANILLO,10,0
IBK25,Semifinal,3,GPEINADOFRANGANILLO,0,0
IBK25,Semifinal,4,GPEINADOFRANGANILLO,9.9,0
IBK25,Semifinal,1,MPICCOLRUAZ,9.6,0
IBK25,Semifinal,2,MPICCOLRUAZ,10,0
IBK25,Semifinal,3,MPICCOLRUAZ,0,0
IBK25,Semifinal,4,MPICCOLRUAZ,10,0
IBK25,Semifinal,1,ABARK,9.6,0
IBK25,Semifinal,2,ABARK,9.9,0
IBK25,Semifinal,3,ABARK,0,0
IBK25,Semifinal,4,ABARK,9.9,0
IBK25,Semifinal,1,OPRIHED,10,0
IBK25,Semifinal,2,OPRIHED,10,0
IBK25,Semifinal,3,OPRIHED,0,0
IBK25,Semifinal,4,OPRIHED,9.4,0
IBK25,Semifinal,1,KYAMAGUCHI,0,0
IBK25,Semifinal,2,KYAMAGUCHI,10,0
IBK25,Semifinal,3,KYAMAGUCHI,0,0
IBK25,Semifinal,4,KYAMAGUCHI,9.6,0
IBK25,Final,1,TROBERTS,9.8,0
IBK25,Final,2,TROBERTS,10,0
IBK25,Final,3,TROBERTS,25,1
IBK25,Final,4,TROBERTS,25,1
IBK25,Final,1,SANRAKU,10,0
IBK25,Final,2,SANRAKU,24.9,1
IBK25,Final,3,SANRAKU,24.7,1
IBK25,Final,4,SANRAKU,10,0
IBK25,Final,1,HDUYSEN,10,0
IBK25,Final,2,HDUYSEN,10,0
IBK25,Final,3,HDUYSEN,24.6,1
IBK25,Final,4,HDUYSEN,10,0
IBK25,Final,1,MMILNE,10,0
IBK25,Final,2,MMILNE,9.8,0
IBK25,Final,3,MMILNE,24.8,1
IBK25,Final,4,MMILNE,9.9,0
IBK25,Final,1,DLEE,10,0
IBK25,Final,2,DLEE,25,1
IBK25,Final,3,DLEE,9.9,0
IBK25,Final,4,DLEE,0,0
IBK25,Final,1,MSCHALCK,9.9,0
IBK25,Final,2,MSCHALCK,9.6,0
IBK25,Final,3,MSCHALCK,24.8,1
IBK25,Final,4,MSCHALCK,0,0
IBK25,Final,1,SAMAGASA,10,0
IBK25,Final,2,SAMAGASA,10,0
IBK25,Final,3,SAMAGASA,9.9,0
IBK25,Final,4,SAMAGASA,10,0
IBK25,Final,1,NUZNIK,9.8,0
IBK25,Final,2,NUZNIK,0,0
IBK25,Final,3,NUZNIK,9.5,0
IBK25,Final,4,NUZNIK,0,0
SEO25,Semifinal,1,SANRAKU,24.6,1
SEO25,Semifinal,2,SANRAKU,25,1
SEO25,Semifinal,3,SANRAKU,24.8,1
SEO25,Semifinal,4,SANRAKU,24.8,1
SEO25,Semifinal,1,DLEE,25,1
SEO25,Semifinal,2,DLEE,25,1
SEO25,Semifinal,3,DLEE,25,1
SEO25,Semifinal,4,DLEE,9.8,0
SEO25,Semifinal,1,JPOSCH,24.8,1
SEO25,Semifinal,2,JPOSCH,24.7,1
SEO25,Semifinal,3,JPOSCH,10,0
SEO25,Semifinal,4,JPOSCH,24.8,1
SEO25,Semifinal,1,MSCHALCK,24.9,1
SEO25,Semifinal,2,MSCHALCK,24.8,1
SEO25,Semifinal,3,MSCHALCK,9.8,0
SEO25,Semifinal,4,MSCHALCK,24.7,1
SEO25,Semifinal,1,TNARASAKI,24.9,1
SEO25,Semifinal,2,TNARASAKI,25,1
SEO25,Semifinal,3,TNARASAKI,10,0
SEO25,Semifinal,4,TNARASAKI,9.9,0
SEO25,Semifinal,1,JMACDOUGALL,10,0
SEO25,Semifinal,2,JMACDOUGALL,24.9,1
SEO25,Semifinal,3,JMACDOUGALL,9.9,0
SEO25,Semifinal,4,JMACDOUGALL,24.9,1
SEO25,Semifinal,1,TBLOEM,10,0
SEO25,Semifinal,2,TBLOEM,24.8,1
SEO25,Semifinal,3,TBLOEM,10,0
SEO25,Semifinal,4,TBLOEM,24.8,1
SEO25,Semifinal,1,MNARASAKI,24.9,1
SEO25,Semifinal,2,MNARASAKI,25,1
SEO25,Semifinal,3,MNARASAKI,9.8,0
SEO25,Semifinal,4,MNARASAKI,9.7,0
SEO25,Semifinal,1,NRUSEV,24.2,1
SEO25,Semifinal,2,NRUSEV,24.8,1
SEO25,Semifinal,3,NRUSEV,10,0
SEO25,Semifinal,4,NRUSEV,9.7,0
SEO25,Semifinal,1,DAKHTAR,23.8,1
SEO25,Semifinal,2,DAKHTAR,24.9,1
SEO25,Semifinal,3,DAKHTAR,10,0
SEO25,Semifinal,4,DAKHTAR,9.8,0
SEO25,Semifinal,1,YFUJIWAKI,24.3,1
SEO25,Semifinal,2,YFUJIWAKI,9.6,0
SEO25,Semifinal,3,YFUJIWAKI,10,0
SEO25,Semifinal,4,YFUJIWAKI,24.6,1
SEO25,Semifinal,1,CDUFFY,24.1,1
SEO25,Semifinal,2,CDUFFY,25,1
SEO25,Semifinal,3,CDUFFY,10,0
SEO25,Semifinal,4,CDUFFY,0,0
SEO25,Semifinal,1,HMCARTHUR,10,0
SEO25,Semifinal,2,HMCARTHUR,25,1
SEO25,Semifinal,3,HMCARTHUR,10,0
SEO25,Semifinal,4,HMCARTHUR,10,0
SEO25,Semifinal,1,SAVEZOU,10,0
SEO25,Semifinal,2,SAVEZOU,25,1
SEO25,Semifinal,3,SAVEZOU,10,0
SEO25,Semifinal,4,SAVEZOU,9.9,0
SEO25,Semifinal,1,SRICHARD,10,0
SEO25,Semifinal,2,SRICHARD,24.7,1
SEO25,Semifinal,3,SRICHARD,10,0
SEO25,Semifinal,4,SRICHARD,10,0
SEO25,Semifinal,1,HDUYSEN,9.8,0
SEO25,Semifinal,2,HDUYSEN,25,1
SEO25,Semifinal,3,HDUYSEN,10,0
SEO25,Semifinal,4,HDUYSEN,9.9,0
SEO25,Semifinal,1,TROBERTS,9.7,0
SEO25,Semifinal,2,TROBERTS,9.8,0
SEO25,Semifinal,3,TROBERTS,24.8,1
SEO25,Semifinal,4,TROBERTS,10,0
SEO25,Semifinal,1,TYAKOBOVITCH,9.6,0
SEO25,Semifinal,2,TYAKOBOVITCH,24.8,1
SEO25,Semifinal,3,TYAKOBOVITCH,10,0
SEO25,Semifinal,4,TYAKOBOVITCH,0,0
SEO25,Semifinal,1,LMOKROLUSKY,24.5,1
SEO25,Semifinal,2,LMOKROLUSKY,0,0
SEO25,Semifinal,3,LMOKROLUSKY,9.9,0
SEO25,Semifinal,4,LMOKROLUSKY,9.6,0
SEO25,Semifinal,1,YPAN,9.8,0
SEO25,Semifinal,2,YPAN,9.7,0
SEO25,Semifinal,3,YPAN,10,0
SEO25,Semifinal,4,YPAN,10,0
SEO25,Semifinal,1,APEHARC,10,0
SEO25,Semifinal,2,APEHARC,9.7,0
SEO25,Semifinal,3,APEHARC,10,0
SEO25,Semifinal,4,APEHARC,9.8,0
SEO25,Semifinal,1,BHANNA,10,0
SEO25,Semifinal,2,BHANNA,9.7,0
SEO25,Semifinal,3,BHANNA,9.9,0
SEO25,Semifinal,4,BHANNA,9.5,0
SEO25,Semifinal,1,GPEINADOFRANGANILLO,9.7,0
SEO25,Semifinal,2,GPEINADOFRANGANILLO,0,0
SEO25,Semifinal,3,GPEINADOFRANGANILLO,10,0
SEO25,Semifinal,4,GPEINADOFRANGANILLO,9.9,0
SEO25,Semifinal,1,NCOLLIN,9.4,0
SEO25,Semifinal,2,NCOLLIN,0,0
SEO25,Semifinal,3,NCOLLIN,0,0
SEO25,Semifinal,4,NCOLLIN,9.8,0
SEO25,Final,1,SANRAKU,25,1
SEO25,Final,2,SANRAKU,24.6,1
SEO25,Final,3,SANRAKU,24.7,1
SEO25,Final,4,SANRAKU,24.9,1
SEO25,Final,1,MSCHALCK,24.8,1
SEO25,Final,2,MSCHALCK,24.8,1
SEO25,Final,3,MSCHALCK,24.9,1
SEO25,Final,4,MSCHALCK,10,0
SEO25,Final,1,DLEE,24.7,1
SEO25,Final,2,DLEE,24.7,1
SEO25,Final,3,DLEE,24.9,1
SEO25,Final,4,DLEE,9.9,0
SEO25,Final,1,TNARASAKI,25,1
SEO25,Final,2,TNARASAKI,9.8,0
SEO25,Final,3,TNARASAKI,24.9,1
SEO25,Final,4,TNARASAKI,0,0
SEO25,Final,1,MNARASAKI,10,0
SEO25,Final,2,MNARASAKI,0,0
SEO25,Final,3,MNARASAKI,24.8,1
SEO25,Final,4,MNARASAKI,10,0
SEO25,Final,1,JPOSCH,9.9,0
SEO25,Final,2,JPOSCH,0,0
SEO25,Final,3,JPOSCH,9.8,0
SEO25,Final,4,JPOSCH,10,0
SEO25,Final,1,TBLOEM,9.9,0
SEO25,Final,2,TBLOEM,9.5,0
SEO25,Final,3,TBLOEM,9.6,0
SEO25,Final,4,TBLOEM,0,0
SEO25,Final,1,JMACDOUGALL,9.9,0
SEO25,Final,2,JMACDOUGALL,0,0
SEO25,Final,3,JMACDOUGALL,9.9,0
SEO25,Final,4,JMACDOUGALL,0,0
KEQ26,Semifinal,1,SANRAKU,25,1
KEQ26,Semifinal,2,SANRAKU,24.9,1
KEQ26,Semifinal,3,SANRAKU,24.8,1
KEQ26,Semifinal,4,SANRAKU,24.9,1
KEQ26,Semifinal,1,MSCHALCK,25,1
KEQ26,Semifinal,2,MSCHALCK,24.8,1
KEQ26,Semifinal,3,MSCHALCK,24.8,1
KEQ26,Semifinal,4,MSCHALCK,24.6,1
KEQ26,Semifinal,1,TNARASAKI,0,0
KEQ26,Semifinal,2,TNARASAKI,25,1
KEQ26,Semifinal,3,TNARASAKI,24.8,1
KEQ26,Semifinal,4,TNARASAKI,24.7,1
KEQ26,Semifinal,1,DLEE,25,1
KEQ26,Semifinal,2,DLEE,10,0
KEQ26,Semifinal,3,DLEE,10,0
KEQ26,Semifinal,4,DLEE,24.9,1
KEQ26,Semifinal,1,YPAN,9.8,0
KEQ26,Semifinal,2,YPAN,9.9,0
KEQ26,Semifinal,3,YPAN,10,0
KEQ26,Semifinal,4,YPAN,25,1
KEQ26,Semifinal,1,HDUYSEN,24.9,1
KEQ26,Semifinal,2,HDUYSEN,10,0
KEQ26,Semifinal,3,HDUYSEN,10,0
KEQ26,Semifinal,4,HDUYSEN,0,0
KEQ26,Semifinal,1,XBAI,24.9,1
KEQ26,Semifinal,2,XBAI,0,0
KEQ26,Semifinal,3,XBAI,10,0
KEQ26,Semifinal,4,XBAI,9.9,0
KEQ26,Semifinal,1,JCHON,9.6,0
KEQ26,Semifinal,2,JCHON,25,1
KEQ26,Semifinal,3,JCHON,9.9,0
KEQ26,Semifinal,4,JCHON,0,0
KEQ26,Semifinal,1,LTRANDAFIR,24.9,1
KEQ26,Semifinal,2,LTRANDAFIR,0,0
KEQ26,Semifinal,3,LTRANDAFIR,10,0
KEQ26,Semifinal,4,LTRANDAFIR,9.6,0
KEQ26,Semifinal,1,MBERTONE,9.7,0
KEQ26,Semifinal,2,MBERTONE,0,0
KEQ26,Semifinal,3,MBERTONE,10,0
KEQ26,Semifinal,4,MBERTONE,24.7,1
KEQ26,Semifinal,1,KDOHI,9.3,0
KEQ26,Semifinal,2,KDOHI,0,0
KEQ26,Semifinal,3,KDOHI,10,0
KEQ26,Semifinal,4,KDOHI,24.7,1
KEQ26,Semifinal,1,RKAWAMATA,24.8,1
KEQ26,Semifinal,2,RKAWAMATA,0,0
KEQ26,Semifinal,3,RKAWAMATA,9.9,0
KEQ26,Semifinal,4,RKAWAMATA,0,0
KEQ26,Semifinal,1,TROBERTS,0,0
KEQ26,Semifinal,2,TROBERTS,0,0
KEQ26,Semifinal,3,TROBERTS,10,0
KEQ26,Semifinal,4,TROBERTS,24.6,1
KEQ26,Semifinal,1,JHU,24.8,1
KEQ26,Semifinal,2,JHU,0,0
KEQ26,Semifinal,3,JHU,9.7,0
KEQ26,Semifinal,4,JHU,0,0
KEQ26,Semifinal,1,JMACDOUGALL,9.7,0
KEQ26,Semifinal,2,JMACDOUGALL,0,0
KEQ26,Semifinal,3,JMACDOUGALL,10,0
KEQ26,Semifinal,4,JMACDOUGALL,9.8,0
KEQ26,Semifinal,1,NRUSEV,9.5,0
KEQ26,Semifinal,2,NRUSEV,10,0
KEQ26,Semifinal,3,NRUSEV,10,0
KEQ26,Semifinal,4,NRUSEV,0,0
KEQ26,Semifinal,1,APEHARC,10,0
KEQ26,Semifinal,2,APEHARC,0,0
KEQ26,Semifinal,3,APEHARC,9.9,0
KEQ26,Semifinal,4,APEHARC,9.4,0
KEQ26,Semifinal,1,ZXU,9.7,0
KEQ26,Semifinal,2,ZXU,9.7,0
KEQ26,Semifinal,3,ZXU,9.8,0
KEQ26,Semifinal,4,ZXU,0,0
KEQ26,Semifinal,1,SAMAGASA,9.9,0
KEQ26,Semifinal,2,SAMAGASA,0,0
KEQ26,Semifinal,3,SAMAGASA,9.9,0
KEQ26,Semifinal,4,SAMAGASA,8.9,0
KEQ26,Semifinal,1,ABARK,10,0
KEQ26,Semifinal,2,ABARK,0,0
KEQ26,Semifinal,3,ABARK,10,0
KEQ26,Semifinal,4,ABARK,0,0
KEQ26,Semifinal,1,BHANNA,10,0
KEQ26,Semifinal,2,BHANNA,0,0
KEQ26,Semifinal,3,BHANNA,9.9,0
KEQ26,Semifinal,4,BHANNA,0,0
KEQ26,Semifinal,1,MMILNE,10,0
KEQ26,Semifinal,2,MMILNE,0,0
KEQ26,Semifinal,3,MMILNE,0,0
KEQ26,Semifinal,4,MMILNE,0,0
KEQ26,Semifinal,1,RGRUBER,0,0
KEQ26,Semifinal,2,RGRUBER,0,0
KEQ26,Semifinal,3,RGRUBER,9.6,0
KEQ26,Semifinal,4,RGRUBER,0,0
KEQ26,Semifinal,1,DAKHTAR,0,0
KEQ26,Semifinal,2,DAKHTAR,0,0
KEQ26,Semifinal,3,DAKHTAR,0,0
KEQ26,Semifinal,4,DAKHTAR,0,0
KEQ26,Final,1,SANRAKU,24.8,1
KEQ26,Final,2,SANRAKU,10,0
KEQ26,Final,3,SANRAKU,24.7,1
KEQ26,Final,4,SANRAKU,24.9,1
KEQ26,Final,1,DLEE,10,0
KEQ26,Final,2,DLEE,9.9,0
KEQ26,Final,3,DLEE,24.8,1
KEQ26,Final,4,DLEE,24.9,1
KEQ26,Final,1,MSCHALCK,25,1
KEQ26,Final,2,MSCHALCK,10,0
KEQ26,Final,3,MSCHALCK,24.8,1
KEQ26,Final,4,MSCHALCK,0,0
KEQ26,Final,1,TNARASAKI,24.8,1
KEQ26,Final,2,TNARASAKI,10,0
KEQ26,Final,3,TNARASAKI,24.7,1
KEQ26,Final,4,TNARASAKI,0,0
KEQ26,Final,1,YPAN,9.7,0
KEQ26,Final,2,YPAN,10,0
KEQ26,Final,3,YPAN,24.9,1
KEQ26,Final,4,YPAN,0,0
KEQ26,Final,1,XBAI,24.7,1
KEQ26,Final,2,XBAI,0,0
KEQ26,Final,3,XBAI,10,0
KEQ26,Final,4,XBAI,0,0
KEQ26,Final,1,HDUYSEN,10,0
KEQ26,Final,2,HDUYSEN,10,0
KEQ26,Final,3,HDUYSEN,9.9,0
KEQ26,Final,4,HDUYSEN,0,0
KEQ26,Final,1,JCHON,9.7,0
KEQ26,Final,2,JCHON,10,0
KEQ26,Final,3,JCHON,0,0
KEQ26,Final,4,JCHON,0,0
BER26,Semifinal,1,SANRAKU,0,0
BER26,Semifinal,2,SANRAKU,24.7,1
BER26,Semifinal,3,SANRAKU,24.9,1
BER26,Semifinal,4,SANRAKU,24.6,1
BER26,Semifinal,1,SAMAGASA,24.9,1
BER26,Semifinal,2,SAMAGASA,9.9,0
BER26,Semifinal,3,SAMAGASA,10,0
BER26,Semifinal,4,SAMAGASA,24.7,1
BER26,Semifinal,1,HDUYSEN,24.8,1
BER26,Semifinal,2,HDUYSEN,9.9,0
BER26,Semifinal,3,HDUYSEN,10,0
BER26,Semifinal,4,HDUYSEN,24.7,1
BER26,Semifinal,1,PJENFT,9.7,0
BER26,Semifinal,2,PJENFT,24.9,1
BER26,Semifinal,3,PJENFT,9.8,0
BER26,Semifinal,4,PJENFT,24,1
BER26,Semifinal,1,MSCHALCK,9.8,0
BER26,Semifinal,2,MSCHALCK,10,0
BER26,Semifinal,3,MSCHALCK,10,0
BER26,Semifinal,4,MSCHALCK,24.7,1
BER26,Semifinal,1,MMILNE,24.7,1
BER26,Semifinal,2,MMILNE,9.9,0
BER26,Semifinal,3,MMILNE,10,0
BER26,Semifinal,4,MMILNE,9.8,0
BER26,Semifinal,1,ABARK,9.9,0
BER26,Semifinal,2,ABARK,9.9,0
BER26,Semifinal,3,ABARK,9.9,0
BER26,Semifinal,4,ABARK,24.1,1
BER26,Semifinal,1,CDUFFY,0,0
BER26,Semifinal,2,CDUFFY,9.9,0
BER26,Semifinal,3,CDUFFY,10,0
BER26,Semifinal,4,CDUFFY,24.9,1
BER26,Semifinal,1,TBLOEM,9.7,0
BER26,Semifinal,2,TBLOEM,10,0
BER26,Semifinal,3,TBLOEM,0,0
BER26,Semifinal,4,TBLOEM,24.8,1
BER26,Semifinal,1,JMACDOUGALL,10,0
BER26,Semifinal,2,JMACDOUGALL,0,0
BER26,Semifinal,3,JMACDOUGALL,10,0
BER26,Semifinal,4,JMACDOUGALL,24.4,1
BER26,Semifinal,1,RKAWAMATA,0,0
BER26,Semifinal,2,RKAWAMATA,10,0
BER26,Semifinal,3,RKAWAMATA,9.9,0
BER26,Semifinal,4,RKAWAMATA,24.3,1
BER26,Semifinal,1,SKIROV,9.5,0
BER26,Semifinal,2,SKIROV,0,0
BER26,Semifinal,3,SKIROV,10,0
BER26,Semifinal,4,SKIROV,24.5,1
BER26,Semifinal,1,GPEINADOFRANGANILLO,9.5,0
BER26,Semifinal,2,GPEINADOFRANGANILLO,0,0
BER26,Semifinal,3,GPEINADOFRANGANILLO,10,0
BER26,Semifinal,4,GPEINADOFRANGANILLO,24.5,1
BER26,Semifinal,1,TYAKOBOVITCH,0,0
BER26,Semifinal,2,TYAKOBOVITCH,9.8,0
BER26,Semifinal,3,TYAKOBOVITCH,10,0
BER26,Semifinal,4,TYAKOBOVITCH,24.2,1
BER26,Semifinal,1,TNARASAKI,0,0
BER26,Semifinal,2,TNARASAKI,9.8,0
BER26,Semifinal,3,TNARASAKI,10,0
BER26,Semifinal,4,TNARASAKI,24.1,1
BER26,Semifinal,1,LMOKROLUSKY,9.4,0
BER26,Semifinal,2,LMOKROLUSKY,0,0
BER26,Semifinal,3,LMOKROLUSKY,9.7,0
BER26,Semifinal,4,LMOKROLUSKY,24.3,1
BER26,Semifinal,1,SRICHARD,10,0
BER26,Semifinal,2,SRICHARD,9.9,0
BER26,Semifinal,3,SRICHARD,9.7,0
BER26,Semifinal,4,SRICHARD,9.8,0
BER26,Semifinal,1,DLEE,9.9,0
BER26,Semifinal,2,DLEE,9.9,0
BER26,Semifinal,3,DLEE,10,0
BER26,Semifinal,4,DLEE,8.9,0
BER26,Semifinal,1,LBOLDRINI,9.2,0
BER26,Semifinal,2,LBOLDRINI,9.7,0
BER26,Semifinal,3,LBOLDRINI,9.9,0
BER26,Semifinal,4,LBOLDRINI,9.5,0
BER26,Semifinal,1,JCHON,0,0
BER26,Semifinal,2,JCHON,10,0
BER26,Semifinal,3,JCHON,24.8,1
BER26,Semifinal,4,JCHON,0,0
BER26,Semifinal,1,APEHARC,24.6,1
BER26,Semifinal,2,APEHARC,0,0
BER26,Semifinal,3,APEHARC,10,0
BER26,Semifinal,4,APEHARC,0,0
BER26,Semifinal,1,AGIRARD,9.8,0
BER26,Semifinal,2,AGIRARD,0,0
BER26,Semifinal,3,AGIRARD,10,0
BER26,Semifinal,4,AGIRARD,9.2,0
BER26,Semifinal,1,KDOHI,0,0
BER26,Semifinal,2,KDOHI,0,0
BER26,Semifinal,3,KDOHI,10,0
BER26,Semifinal,4,KDOHI,9.2,0
BER26,Semifinal,1,EARRIAGADAKRUGER,0,0
BER26,Semifinal,2,EARRIAGADAKRUGER,0,0
BER26,Semifinal,3,EARRIAGADAKRUGER,9.6,0
BER26,Semifinal,4,EARRIAGADAKRUGER,9.4,0
BER26,Final,1,SANRAKU,25,1
BER26,Final,2,SANRAKU,24.9,1
BER26,Final,3,SANRAKU,24.9,1
BER26,Final,4,SANRAKU,24.9,1
BER26,Final,1,MSCHALCK,24.9,1
BER26,Final,2,MSCHALCK,24.7,1
BER26,Final,3,MSCHALCK,24.8,1
BER26,Final,4,MSCHALCK,9.9,0
BER26,Final,1,HDUYSEN,10,0
BER26,Final,2,HDUYSEN,9.5,0
BER26,Final,3,HDUYSEN,24.8,1
BER26,Final,4,HDUYSEN,24.9,1
BER26,Final,1,SAMAGASA,9.9,0
BER26,Final,2,SAMAGASA,24.8,1
BER26,Final,3,SAMAGASA,24.1,1
BER26,Final,4,SAMAGASA,9.6,0
BER26,Final,1,ABARK,9.9,0
BER26,Final,2,ABARK,9.6,0
BER26,Final,3,ABARK,9.5,0
BER26,Final,4,ABARK,9.8,0
BER26,Final,1,MMILNE,10,0
BER26,Final,2,MMILNE,9.7,0
BER26,Final,3,MMILNE,0,0
BER26,Final,4,MMILNE,9.9,0
BER26,Final,1,PJENFT,10,0
BER26,Final,2,PJENFT,10,0
BER26,Final,3,PJENFT,9.4,0
BER26,Final,4,PJENFT,0,0
BER26,Final,1,CDUFFY,9.8,0
BER26,Final,2,CDUFFY,9.7,0
BER26,Final,3,CDUFFY,9.9,0
BER26,Final,4,CDUFFY,0,0
MAD26,Semifinal,1,CDUFFY,24.7,1
MAD26,Semifinal,2,CDUFFY,24.9,1
MAD26,Semifinal,3,CDUFFY,25,1
MAD26,Semifinal,4,CDUFFY,10,0
MAD26,Semifinal,1,SRICHARD,24.9,1
MAD26,Semifinal,2,SRICHARD,9.7,0
MAD26,Semifinal,3,SRICHARD,25,1
MAD26,Semifinal,4,SRICHARD,10,0
MAD26,Semifinal,1,SANRAKU,9.9,0
MAD26,Semifinal,2,SANRAKU,10,0
MAD26,Semifinal,3,SANRAKU,24.9,1
MAD26,Semifinal,4,SANRAKU,24.7,1
MAD26,Semifinal,1,DAKHTAR,24.5,1
MAD26,Semifinal,2,DAKHTAR,10,0
MAD26,Semifinal,3,DAKHTAR,25,1
MAD26,Semifinal,4,DAKHTAR,9.9,0
MAD26,Semifinal,1,OBAUDRAND,24.6,1
MAD26,Semifinal,2,OBAUDRAND,9.9,0
MAD26,Semifinal,3,OBAUDRAND,24.8,1
MAD26,Semifinal,4,OBAUDRAND,10,0
MAD26,Semifinal,1,GPEINADOFRANGANILLO,9.3,0
MAD26,Semifinal,2,GPEINADOFRANGANILLO,9.7,0
MAD26,Semifinal,3,GPEINADOFRANGANILLO,24.8,1
MAD26,Semifinal,4,GPEINADOFRANGANILLO,24.8,1
MAD26,Semifinal,1,KDOHI,0,0
MAD26,Semifinal,2,KDOHI,9.8,0
MAD26,Semifinal,3,KDOHI,24.9,1
MAD26,Semifinal,4,KDOHI,24.8,1
MAD26,Semifinal,1,DLEE,10,0
MAD26,Semifinal,2,DLEE,10,0
MAD26,Semifinal,3,DLEE,25,1
MAD26,Semifinal,4,DLEE,10,0
MAD26,Semifinal,1,HDUYSEN,9.9,0
MAD26,Semifinal,2,HDUYSEN,10,0
MAD26,Semifinal,3,HDUYSEN,25,1
MAD26,Semifinal,4,HDUYSEN,10,0
MAD26,Semifinal,1,MSCHALCK,10,0
MAD26,Semifinal,2,MSCHALCK,10,0
MAD26,Semifinal,3,MSCHALCK,24.9,1
MAD26,Semifinal,4,MSCHALCK,10,0
MAD26,Semifinal,1,ABARK,9.9,0
MAD26,Semifinal,2,ABARK,9.9,0
MAD26,Semifinal,3,ABARK,24.8,1
MAD26,Semifinal,4,ABARK,9.9,0
MAD26,Semifinal,1,YPAN,9.9,0
MAD26,Semifinal,2,YPAN,9.5,0
MAD26,Semifinal,3,YPAN,24.8,1
MAD26,Semifinal,4,YPAN,10,0
MAD26,Semifinal,1,MNARASAKI,9.5,0
MAD26,Semifinal,2,MNARASAKI,9.7,0
MAD26,Semifinal,3,MNARASAKI,24.9,1
MAD26,Semifinal,4,MNARASAKI,10,0
MAD26,Semifinal,1,LMOKROLUSKY,0,0
MAD26,Semifinal,2,LMOKROLUSKY,0,0
MAD26,Semifinal,3,LMOKROLUSKY,24.9,1
MAD26,Semifinal,4,LMOKROLUSKY,24.5,1
MAD26,Semifinal,1,RKAWAMATA,0,0
MAD26,Semifinal,2,RKAWAMATA,10,0
MAD26,Semifinal,3,RKAWAMATA,24.9,1
MAD26,Semifinal,4,RKAWAMATA,10,0
MAD26,Semifinal,1,TBLOEM,9.8,0
MAD26,Semifinal,2,TBLOEM,0,0
MAD26,Semifinal,3,TBLOEM,25,1
MAD26,Semifinal,4,TBLOEM,10,0
MAD26,Semifinal,1,APEHARC,0,0
MAD26,Semifinal,2,APEHARC,9.6,0
MAD26,Semifinal,3,APEHARC,24.8,1
MAD26,Semifinal,4,APEHARC,9.9,0
MAD26,Semifinal,1,NRUSEV,9.8,0
MAD26,Semifinal,2,NRUSEV,10,0
MAD26,Semifinal,3,NRUSEV,9.9,0
MAD26,Semifinal,4,NRUSEV,10,0
MAD26,Semifinal,1,OMARK,9.6,0
MAD26,Semifinal,2,OMARK,9.9,0
MAD26,Semifinal,3,OMARK,9.9,0
MAD26,Semifinal,4,OMARK,9.9,0
MAD26,Semifinal,1,JMACDOUGALL,0,0
MAD26,Semifinal,2,JMACDOUGALL,0,0
MAD26,Semifinal,3,JMACDOUGALL,25,1
MAD26,Semifinal,4,JMACDOUGALL,10,0
MAD26,Semifinal,1,TNARASAKI,0,0
MAD26,Semifinal,2,TNARASAKI,10,0
MAD26,Semifinal,3,TNARASAKI,10,0
MAD26,Semifinal,4,TNARASAKI,10,0
MAD26,Semifinal,1,SKIROV,9.5,0
MAD26,Semifinal,2,SKIROV,0,0
MAD26,Semifinal,3,SKIROV,9.8,0
MAD26,Semifinal,4,SKIROV,9.9,0
MAD26,Semifinal,1,LMARTINS,0,0
MAD26,Semifinal,2,LMARTINS,10,0
MAD26,Semifinal,3,LMARTINS,0,0
MAD26,Semifinal,4,LMARTINS,9.9,0
MAD26,Semifinal,1,MPASTORSANCHEZ,0,0
MAD26,Semifinal,2,MPASTORSANCHEZ,0,0
MAD26,Semifinal,3,MPASTORSANCHEZ,9.9,0
MAD26,Semifinal,4,MPASTORSANCHEZ,10,0
MAD26,Final,1,SANRAKU,24.9,1
MAD26,Final,2,SANRAKU,24.5,1
MAD26,Final,3,SANRAKU,24.9,1
MAD26,Final,4,SANRAKU,25,1
MAD26,Final,1,CDUFFY,25,1
MAD26,Final,2,CDUFFY,24.8,1
MAD26,Final,3,CDUFFY,24.9,1
MAD26,Final,4,CDUFFY,0,0
MAD26,Final,1,SRICHARD,9.9,0
MAD26,Final,2,SRICHARD,9.7,0
MAD26,Final,3,SRICHARD,25,1
MAD26,Final,4,SRICHARD,9.8,0
MAD26,Final,1,DLEE,24.9,1
MAD26,Final,2,DLEE,0,0
MAD26,Final,3,DLEE,9.9,0
MAD26,Final,4,DLEE,9.8,0
MAD26,Final,1,KDOHI,9.8,0
MAD26,Final,2,KDOHI,0,0
MAD26,Final,3,KDOHI,24.7,1
MAD26,Final,4,KDOHI,9.8,0
MAD26,Final,1,GPEINADOFRANGANILLO,25,1
MAD26,Final,2,GPEINADOFRANGANILLO,0,0
MAD26,Final,3,GPEINADOFRANGANILLO,10,0
MAD26,Final,4,GPEINADOFRANGANILLO,0,0
MAD26,Final,1,OBAUDRAND,9.6,0
MAD26,Final,2,OBAUDRAND,0,0
MAD26,Final,3,OBAUDRAND,10,0
MAD26,Final,4,OBAUDRAND,9.9,0
MAD26,Final,1,DAKHTAR,9.9,0
MAD26,Final,2,DAKHTAR,0,0
MAD26,Final,3,DAKHTAR,9.7,0
MAD26,Final,4,DAKHTAR,0,0
PRA26,Semifinal,1,SANRAKU,24.8,1
PRA26,Semifinal,2,SANRAKU,0,0
PRA26,Semifinal,3,SANRAKU,24.8,1
PRA26,Semifinal,4,SANRAKU,25,1
PRA26,Semifinal,1,MSCHALCK,24.8,1
PRA26,Semifinal,2,MSCHALCK,24.4,1
PRA26,Semifinal,3,MSCHALCK,9.8,0
PRA26,Semifinal,4,MSCHALCK,9.8,0
PRA26,Semifinal,1,MBERTONE,9.5,0
PRA26,Semifinal,2,MBERTONE,24.3,1
PRA26,Semifinal,3,MBERTONE,9.6,0
PRA26,Semifinal,4,MBERTONE,10,0
PRA26,Semifinal,1,LTRANDAFIR,9.5,0
PRA26,Semifinal,2,LTRANDAFIR,24.2,1
PRA26,Semifinal,3,LTRANDAFIR,9.5,0
PRA26,Semifinal,4,LTRANDAFIR,9.4,0
PRA26,Semifinal,1,MMILNE,0,0
PRA26,Semifinal,2,MMILNE,9.8,0
PRA26,Semifinal,3,MMILNE,9.8,0
PRA26,Semifinal,4,MMILNE,25,1
PRA26,Semifinal,1,JPOSCH,9.9,0
PRA26,Semifinal,2,JPOSCH,24.3,1
PRA26,Semifinal,3,JPOSCH,0,0
PRA26,Semifinal,4,JPOSCH,10,0
PRA26,Semifinal,1,DLEE,9.2,0
PRA26,Semifinal,2,DLEE,9.4,0
PRA26,Semifinal,3,DLEE,0,0
PRA26,Semifinal,4,DLEE,25,1
PRA26,Semifinal,1,SAVEZOU,9.5,0
PRA26,Semifinal,2,SAVEZOU,9.2,0
PRA26,Semifinal,3,SAVEZOU,9.7,0
PRA26,Semifinal,4,SAVEZOU,9.9,0
PRA26,Semifinal,1,CDUFFY,10,0
PRA26,Semifinal,2,CDUFFY,0,0
PRA26,Semifinal,3,CDUFFY,0,0
PRA26,Semifinal,4,CDUFFY,24.9,1
PRA26,Semifinal,1,YPAN,0,0
PRA26,Semifinal,2,YPAN,0,0
PRA26,Semifinal,3,YPAN,9.8,0
PRA26,Semifinal,4,YPAN,25,1
PRA26,Semifinal,1,HDUYSEN,9.4,0
PRA26,Semifinal,2,HDUYSEN,0,0
PRA26,Semifinal,3,HDUYSEN,0,0
PRA26,Semifinal,4,HDUYSEN,24.8,1
PRA26,Semifinal,1,RKAWAMATA,9.1,0
PRA26,Semifinal,2,RKAWAMATA,0,0
PRA26,Semifinal,3,RKAWAMATA,0,0
PRA26,Semifinal,4,RKAWAMATA,24.8,1
PRA26,Semifinal,1,LMOKROLUSKY,9.7,0
PRA26,Semifinal,2,LMOKROLUSKY,24,1
PRA26,Semifinal,3,LMOKROLUSKY,0,0
PRA26,Semifinal,4,LMOKROLUSKY,0,0
PRA26,Semifinal,1,APEHARC,9.4,0
PRA26,Semifinal,2,APEHARC,8.8,0
PRA26,Semifinal,3,APEHARC,0,0
PRA26,Semifinal,4,APEHARC,9.7,0
PRA26,Semifinal,1,TNARASAKI,9.2,0
PRA26,Semifinal,2,TNARASAKI,8.2,0
PRA26,Semifinal,3,TNARASAKI,0,0
PRA26,Semifinal,4,TNARASAKI,9.9,0
PRA26,Semifinal,1,JCHON,0,0
PRA26,Semifinal,2,JCHON,0,0
PRA26,Semifinal,3,JCHON,0,0
PRA26,Semifinal,4,JCHON,25,1
PRA26,Semifinal,1,GPEINADOFRANGANILLO,0,0
PRA26,Semifinal,2,GPEINADOFRANGANILLO,0,0
PRA26,Semifinal,3,GPEINADOFRANGANILLO,9.9,0
PRA26,Semifinal,4,GPEINADOFRANGANILLO,10,0
PRA26,Semifinal,1,DAKHTAR,9.9,0
PRA26,Semifinal,2,DAKHTAR,0,0
PRA26,Semifinal,3,DAKHTAR,0,0
PRA26,Semifinal,4,DAKHTAR,9.9,0
PRA26,Semifinal,1,SAMAGASA,9.5,0
PRA26,Semifinal,2,SAMAGASA,0,0
PRA26,Semifinal,3,SAMAGASA,0,0
PRA26,Semifinal,4,SAMAGASA,10,0
PRA26,Semifinal,1,SRICHARD,0,0
PRA26,Semifinal,2,SRICHARD,9.4,0
PRA26,Semifinal,3,SRICHARD,0,0
PRA26,Semifinal,4,SRICHARD,10,0
PRA26,Semifinal,1,MPASTORSANCHEZ,0,0
PRA26,Semifinal,2,MPASTORSANCHEZ,0,0
PRA26,Semifinal,3,MPASTORSANCHEZ,0,0
PRA26,Semifinal,4,MPASTORSANCHEZ,10,0
PRA26,Semifinal,1,ACHI,9.9,0
PRA26,Semifinal,2,ACHI,0,0
PRA26,Semifinal,3,ACHI,0,0
PRA26,Semifinal,4,ACHI,0,0
PRA26,Semifinal,1,NUZNIK,0,0
PRA26,Semifinal,2,NUZNIK,0,0
PRA26,Semifinal,3,NUZNIK,0,0
PRA26,Semifinal,4,NUZNIK,9.9,0
PRA26,Semifinal,1,OBAUDRAND,0,0
PRA26,Semifinal,2,OBAUDRAND,0,0
PRA26,Semifinal,3,OBAUDRAND,0,0
PRA26,Semifinal,4,OBAUDRAND,0,0
PRA26,Final,1,SANRAKU,10,0
PRA26,Final,2,SANRAKU,10,0
PRA26,Final,3,SANRAKU,25,1
PRA26,Final,4,SANRAKU,10,0
PRA26,Final,1,DLEE,10,0
PRA26,Final,2,DLEE,9.9,0
PRA26,Final,3,DLEE,25,1
PRA26,Final,4,DLEE,9.9,0
PRA26,Final,1,MSCHALCK,25,1
PRA26,Final,2,MSCHALCK,9.9,0
PRA26,Final,3,MSCHALCK,9.9,0
PRA26,Final,4,MSCHALCK,9.9,0
PRA26,Final,1,SAVEZOU,10,0
PRA26,Final,2,SAVEZOU,9.7,0
PRA26,Final,3,SAVEZOU,10,0
PRA26,Final,4,SAVEZOU,10,0
PRA26,Final,1,MMILNE,10,0
PRA26,Final,2,MMILNE,9.9,0
PRA26,Final,3,MMILNE,0,0
PRA26,Final,4,MMILNE,10,0
PRA26,Final,1,MBERTONE,9.9,0
PRA26,Final,2,MBERTONE,9.7,0
PRA26,Final,3,MBERTONE,0,0
PRA26,Final,4,MBERTONE,10,0
PRA26,Final,1,LTRANDAFIR,9.9,0
PRA26,Final,2,LTRANDAFIR,9.5,0
PRA26,Final,3,LTRANDAFIR,0,0
PRA26,Final,4,LTRANDAFIR,10,0
PRA26,Final,1,JPOSCH,9.9,0
PRA26,Final,2,JPOSCH,9.5,0
PRA26,Final,3,JPOSCH,0,0
PRA26,Final,4,JPOSCH,10,0
IBK26,Semifinal,1,SANRAKU,24.9,1
IBK26,Semifinal,2,SANRAKU,25,1
IBK26,Semifinal,3,SANRAKU,25,1
IBK26,Semifinal,4,SANRAKU,24.8,1
IBK26,Semifinal,1,RKAWAMATA,9.9,0
IBK26,Semifinal,2,RKAWAMATA,25,1
IBK26,Semifinal,3,RKAWAMATA,25,1
IBK26,Semifinal,4,RKAWAMATA,25,1
IBK26,Semifinal,1,MMILNE,24.8,1
IBK26,Semifinal,2,MMILNE,25,1
IBK26,Semifinal,3,MMILNE,25,1
IBK26,Semifinal,4,MMILNE,10,0
IBK26,Semifinal,1,SAMAGASA,24.9,1
IBK26,Semifinal,2,SAMAGASA,24.9,1
IBK26,Semifinal,3,SAMAGASA,10,0
IBK26,Semifinal,4,SAMAGASA,24.9,1
IBK26,Semifinal,1,DLEE,24.8,1
IBK26,Semifinal,2,DLEE,24.8,1
IBK26,Semifinal,3,DLEE,9.9,0
IBK26,Semifinal,4,DLEE,24.6,1
IBK26,Semifinal,1,HDUYSEN,0,0
IBK26,Semifinal,2,HDUYSEN,25,1
IBK26,Semifinal,3,HDUYSEN,25,1
IBK26,Semifinal,4,HDUYSEN,24.9,1
IBK26,Semifinal,1,JCHON,9.7,0
IBK26,Semifinal,2,JCHON,25,1
IBK26,Semifinal,3,JCHON,25,1
IBK26,Semifinal,4,JCHON,9.6,0
IBK26,Semifinal,1,SAVEZOU,24.9,1
IBK26,Semifinal,2,SAVEZOU,25,1
IBK26,Semifinal,3,SAVEZOU,9.9,0
IBK26,Semifinal,4,SAVEZOU,9.5,0
IBK26,Semifinal,1,SRICHARD,24.7,1
IBK26,Semifinal,2,SRICHARD,10,0
IBK26,Semifinal,3,SRICHARD,0,0
IBK26,Semifinal,4,SRICHARD,24.6,1
IBK26,Semifinal,1,YPAN,9.2,0
IBK26,Semifinal,2,YPAN,24.9,1
IBK26,Semifinal,3,YPAN,9.9,0
IBK26,Semifinal,4,YPAN,9.8,0
IBK26,Semifinal,1,ABARK,0,0
IBK26,Semifinal,2,ABARK,25,1
IBK26,Semifinal,3,ABARK,9.9,0
IBK26,Semifinal,4,ABARK,9.9,0
IBK26,Semifinal,1,KDOHI,9.9,0
IBK26,Semifinal,2,KDOHI,25,1
IBK26,Semifinal,3,KDOHI,0,0
IBK26,Semifinal,4,KDOHI,9.8,0
IBK26,Semifinal,1,TNARASAKI,9.9,0
IBK26,Semifinal,2,TNARASAKI,9.9,0
IBK26,Semifinal,3,TNARASAKI,0,0
IBK26,Semifinal,4,TNARASAKI,24.6,1
IBK26,Semifinal,1,AGIRARD,24.5,1
IBK26,Semifinal,2,AGIRARD,9.7,0
IBK26,Semifinal,3,AGIRARD,0,0
IBK26,Semifinal,4,AGIRARD,9.8,0
IBK26,Semifinal,1,MNARASAKI,9.4,0
IBK26,Semifinal,2,MNARASAKI,9.7,0
IBK26,Semifinal,3,MNARASAKI,0,0
IBK26,Semifinal,4,MNARASAKI,24.7,1
IBK26,Semifinal,1,NRUSEV,9.7,0
IBK26,Semifinal,2,NRUSEV,9.9,0
IBK26,Semifinal,3,NRUSEV,10,0
IBK26,Semifinal,4,NRUSEV,9.3,0
IBK26,Semifinal,1,JMACDOUGALL,0,0
IBK26,Semifinal,2,JMACDOUGALL,10,0
IBK26,Semifinal,3,JMACDOUGALL,0,0
IBK26,Semifinal,4,JMACDOUGALL,24.9,1
IBK26,Semifinal,1,LSTRAUBHAAR,0,0
IBK26,Semifinal,2,LSTRAUBHAAR,9.7,0
IBK26,Semifinal,3,LSTRAUBHAAR,0,0
IBK26,Semifinal,4,LSTRAUBHAAR,24.7,1
IBK26,Semifinal,1,RRAMADHAN,9.7,0
IBK26,Semifinal,2,RRAMADHAN,9.9,0
IBK26,Semifinal,3,RRAMADHAN,0,0
IBK26,Semifinal,4,RRAMADHAN,9.6,0
IBK26,Semifinal,1,JPOSCH,0,0
IBK26,Semifinal,2,JPOSCH,24.8,1
IBK26,Semifinal,3,JPOSCH,0,0
IBK26,Semifinal,4,JPOSCH,0,0
IBK26,Semifinal,1,CDUFFY,0,0
IBK26,Semifinal,2,CDUFFY,9.9,0
IBK26,Semifinal,3,CDUFFY,0,0
IBK26,Semifinal,4,CDUFFY,9.7,0
IBK26,Semifinal,1,TUZNIK,0,0
IBK26,Semifinal,2,TUZNIK,9.9,0
IBK26,Semifinal,3,TUZNIK,0,0
IBK26,Semifinal,4,TUZNIK,9.7,0
IBK26,Semifinal,1,ALEMAIRE,0,0
IBK26,Semifinal,2,ALEMAIRE,9.6,0
IBK26,Semifinal,3,ALEMAIRE,0,0
IBK26,Semifinal,4,ALEMAIRE,9.6,0
IBK26,Semifinal,1,BVARGAS,0,0
IBK26,Semifinal,2,BVARGAS,9.1,0
IBK26,Semifinal,3,BVARGAS,0,0
IBK26,Semifinal,4,BVARGAS,0,0
IBK26,Final,1,SANRAKU,25,1
IBK26,Final,2,SANRAKU,24,1
IBK26,Final,3,SANRAKU,25,1
IBK26,Final,4,SANRAKU,0,0
IBK26,Final,1,RKAWAMATA,25,1
IBK26,Final,2,RKAWAMATA,24.3,1
IBK26,Final,3,RKAWAMATA,10,0
IBK26,Final,4,RKAWAMATA,0,0
IBK26,Final,1,DLEE,24.7,1
IBK26,Final,2,DLEE,9.7,0
IBK26,Final,3,DLEE,24.9,1
IBK26,Final,4,DLEE,0,0
IBK26,Final,1,SAVEZOU,25,1
IBK26,Final,2,SAVEZOU,0,0
IBK26,Final,3,SAVEZOU,24.9,1
IBK26,Final,4,SAVEZOU,0,0
IBK26,Final,1,JCHON,24.9,1
IBK26,Final,2,JCHON,0,0
IBK26,Final,3,JCHON,24.9,1
IBK26,Final,4,JCHON,0,0
IBK26,Final,1,HDUYSEN,25,1
IBK26,Final,2,HDUYSEN,9.7,0
IBK26,Final,3,HDUYSEN,9.9,0
IBK26,Final,4,HDUYSEN,0,0
IBK26,Final,1,SAMAGASA,10,0
IBK26,Final,2,SAMAGASA,8.9,0
IBK26,Final,3,SAMAGASA,24.6,1
IBK26,Final,4,SAMAGASA,0,0
IBK26,Final,1,MMILNE,24.8,1
IBK26,Final,2,MMILNE,9.6,0
IBK26,Final,3,MMILNE,0,0
IBK26,Final,4,MMILNE,0,0